-- periods
INSERT INTO periods
    (period_id, cohort, stage, milestone, start_at, end_at, created_at, updated_at, deleted_at)
VALUES
    (1, '2020', 'application', '', '2020-06-02 16:00:00+00', '2020-06-17 15:59:59+00', '2020-06-10 04:59:43.50759+00', '2020-06-10 04:59:43.50759+00', NULL)
    ,(2, '2020', '', 'milestone1', '2020-06-10 04:59:43.50759+00', '2020-07-10 15:59:00+00', '2020-06-10 04:59:43.50759+00', '2020-06-10 04:59:43.50759+00', NULL)
    ,(3, '2020', '', 'milestone2', '2020-07-09 16:00:00+00', '2020-08-10 15:59:00+00', '2020-06-10 04:59:43.50759+00', '2020-06-10 04:59:43.50759+00', NULL)
    ,(4, '2020', '', 'milestone3', '2020-08-09 16:00:00+00', '2020-09-10 15:59:00+00', '2020-06-10 04:59:43.50759+00', '2020-06-10 04:59:43.50759+00', NULL)
    ,(5, '2020', 'submission', 'milestone1', '2020-06-10 04:59:43.50759+00', '2020-06-24 15:59:00+00', '2020-06-10 04:59:43.50759+00', '2020-06-10 04:59:43.50759+00', NULL)
    ,(6, '2020', 'evaluation', 'milestone1', '2020-06-23 16:00:00+00', '2020-07-08 15:59:00+00', '2020-06-10 04:59:43.50759+00', '2020-06-10 04:59:43.50759+00', NULL)
    ,(7, '2020', 'submission', 'milestone2', '2020-07-07 16:00:00+00', '2020-07-22 15:59:00+00', '2020-06-10 04:59:43.50759+00', '2020-06-10 04:59:43.50759+00', NULL)
    ,(8, '2020', 'evaluation', 'milestone2', '2020-07-21 16:00:00+00', '2020-08-05 15:59:00+00', '2020-06-10 04:59:43.50759+00', '2020-06-10 04:59:43.50759+00', NULL)
    ,(9, '2020', 'submission', 'milestone3', '2020-08-04 16:00:00+00', '2020-08-19 15:59:00+00', '2020-06-10 04:59:43.50759+00', '2020-06-10 04:59:43.50759+00', NULL)
    ,(10, '2020', 'evaluation', 'milestone3', '2020-08-18 16:00:00+00', '2020-09-02 15:59:00+00', '2020-06-10 04:59:43.50759+00', '2020-06-10 04:59:43.50759+00', NULL)
    ,(11, '2020', 'feedback', '', '2020-09-01 16:00:00+00', '2020-09-16 15:59:00+00', '2020-06-10 04:59:43.50759+00', '2020-06-10 04:59:43.50759+00', NULL)
;


-- forms
INSERT INTO forms
    (form_id, period_id, name, subsection, questions, created_at, updated_at, deleted_at)
VALUES
    (1, 1, '', 'application', '[{"Name": "disclaimer", "Text": "<b>Disclaimer: We will not be able to accept your application for Orbital should you not agree with the terms below.</b><p class=\"f6 mid-gray\">I hereby authorise, agree and consent to allow the Orbital organiser and its sponsors to: (a) collect, use, disclose and/or process personal data about me that I had previously provided, that I now provide, that I may in future provide with and/or that Orbital organisers possesses about me including but not limited to my name, my email address for contacting, tracking and marketing purposes. (b) disclose personal data about me to third party service providers in order to perform certain functions in connection with the abovementioned purposes so long as disclosure is necessary</p>", "Type": "radio", "Options": [{"Value": "agree", "Display": "I agree"}], "Subquestions": []}, {"Name": "team_name", "Text": "<b>Team Name</b>", "Type": "short text"}, {"Name": "project_idea", "Text": "<b>Summary of your project idea</b>", "Type": "long text"}, {"Name": "project_level", "Text": "<b>Which level of achievement are you interested in?</b>", "Type": "radio", "Options": [{"Value": "vostok", "Display": "Beginner (Восто́к Vostok)"}, {"Value": "gemini", "Display": "Intermediate (Project Gemini)"}, {"Value": "apollo", "Display": "Advanced (Apollo 11)"}, {"Value": "apollo_mentor", "Display": "Advanced with mentorship (Apollo 11)"}], "Subquestions": []}, {"Name": "target_audience", "Text": "<b>Your target audience(s)</b>", "Type": "checkbox", "Options": [{"Value": "nus", "Display": "NUS"}, {"Value": "universities", "Display": "universities"}, {"Value": "youths", "Display": "youths"}, {"Value": "adults", "Display": "adults"}, {"Value": "elderly", "Display": "elderly"}, {"Value": "children", "Display": "children"}, {"Value": "toddlers", "Display": "toddlers"}, {"Value": "families", "Display": "families"}, {"Value": "parents", "Display": "parents"}, {"Value": "others", "Display": "Others"}], "Subquestions": []}]', '2020-06-10 04:59:43.50759+00', '2020-06-10 04:59:43.50759+00', NULL)
    ,(2, 1, '', 'applicant', '[{"Name": "faculty", "Text": "<b>Your faculty?</b>", "Type": "radio", "Options": [{"Value": "computing", "Display": "School of Computing (BA/CS/CEG/InfoSys/InfoSec)"}, {"Value": "business", "Display": "Business"}, {"Value": "engineering", "Display": "Engineering"}, {"Value": "fass", "Display": "Arts and Social Science"}, {"Value": "law", "Display": "Law"}, {"Value": "medicine", "Display": "Medicine"}, {"Value": "sde", "Display": "School of Design and Environment"}, {"Value": "science", "Display": "Science"}, {"Value": "others", "Display": "Others"}], "Subquestions": []}, {"Name": "matric_year", "Text": "<b>Which is your year of matriculation?</b>", "Type": "radio", "Options": [{"Value": "2020", "Display": "2020"}, {"Value": "2018", "Display": "2019"}, {"Value": "2017", "Display": "2017"}, {"Value": "others", "Display": "others"}], "Subquestions": []}, {"Name": "overseas", "Text": "<b>Will you be overseas for any period of time during the summer?</b>", "Type": "radio", "Options": [{"Value": "no", "Display": "No, planning to stay in Singapore for the whole summer (minus a short vacation)"}, {"Value": "some", "Display": "Yes, for some portion (more than 2-3 days)"}, {"Value": "most", "Display": "Yes, for almost the whole summer"}], "Subquestions": []}, {"Name": "interests", "Text": "<b>Your interests</b>", "Type": "checkbox", "Options": [{"Value": "raspberrypi", "Display": "Raspberry Pi"}, {"Value": "arduino", "Display": "Arduino"}, {"Value": "iot", "Display": "IOT"}], "Subquestions": []}]', '2020-06-10 04:59:43.50759+00', '2020-06-10 04:59:43.50759+00', NULL)
    ,(3, 5, '', '', '[{"Name": "readme", "Text": "<b>Project Readme</b>", "Type": "long text", "Options": [], "Subquestions": []}, {"Name": "log", "Text": "<b>Project Log</b>", "Type": "long text", "Options": [], "Subquestions": []}, {"Name": "poster", "Text": "<b>Poster Link</b>", "Type": "short text"}, {"Name": "video", "Text": "<b>Video Link</b>", "Type": "short text"}]', '2020-06-10 04:59:43.50759+00', '2020-06-10 04:59:43.50759+00', NULL)
    ,(4, 6, '', '', '[{"Name": "", "Text": "<h3>Project Ideation (Section 1 of 5)</h3>", "Type": "paragraph", "Options": [], "Subquestions": []}, {"Name": "clear target audience", "Text": "<b>The project should serve some user needs. Is it clear who would benefit from the project?</b>", "Type": "radio", "Options": [{"Value": "1", "Display": "The project appears to be trying to serve some user needs, but I am not sure who would benefit from it."}, {"Value": "2", "Display": "I have a rough idea about who would benefit from the project. It would be better if more details were given."}, {"Value": "3", "Display": "I am very clear about who would benefit from the project."}], "Subquestions": []}, {"Name": "clear and relevant problem", "Text": "<b>Is the problem well defined? Is it clear what need the app is trying to satisfy? Is there a real need to solve the problem?</b>\n<p class=\"f6 mid-gray\">Please grade this with respect to the group of users specified. Be broad in deciding what a problem is. It can be to do something not done before, to do something better, faster, cheaper, or to provide entertainment, fun, etc.</p>", "Type": "radio", "Options": [{"Value": "1", "Display": "The project appears to be trying to do something, but I am not sure what it is."}, {"Value": "2", "Display": "I can roughly see what problem is."}, {"Value": "3", "Display": "There is clearly a problem, but it is unclear that it really needs to be solved."}, {"Value": "4", "Display": "There is clearly a problem and it is likely that solving it would be useful."}, {"Value": "5", "Display": "The problem is real. There is a real need for such an project."}], "Subquestions": []}, {"Name": "solution works", "Text": "<b>Does the project solve the most important aspects of the problem?</b>", "Type": "radio", "Options": [{"Value": "1", "Display": "The project does not really solve the problem."}, {"Value": "2", "Display": "The project would provide a minimal solution to the problem."}, {"Value": "3", "Display": "The project would provide an average solution to the problem."}, {"Value": "4", "Display": "The project would a good solution to the most important aspects of the problem."}, {"Value": "5", "Display": "The project would solve the problem, and creatively too"}], "Subquestions": []}, {"Name": "explain problem+solution evaluation", "Text": "<b>Please provide feedback to the project team on the problem they are trying to solve based on the ratings you gave to the three questions.</b>", "Type": "long text", "Options": [], "Subquestions": []}, {"Name": "", "Text": "<h3>Features for the next phase (Section 2 of 5)</h3>\n<p class=\"f6 mid-gray\">Note: the team may have already started implementing and may have accomplished the necessary work to implement features. These are not being evaluated in this phase, as the focus is on ideation. In this section, we are evaluating the team''s planning for features for the next phase (Jun, up to Milestone 2.)</p>", "Type": "paragraph", "Options": [], "Subquestions": []}, {"Name": "features evaluation", "Text": "<b>\nFor each feature that is being proposed for this phase (minimum of 2-3):\n<ul>\n<li>Is the user role (e.g. public, member, admin) well specified?</li>\n<li>Is the desired outcome (user goal) clear?</li>\n<li>(Optional) Is the benefit clear?</li>\n</ul>\n</b>\n<p class=\"f6 mid-gray\">\nPlease choose one option per feature on whether you agree with this statement : The features are clearly specified and I will have no trouble deciding whether to accept them at the end of the phase.\n<br>\nStrongly Disagree, Disagree, Neutral, Agree, Strongly Agree.\n<p>\n<p class=\"f6 mid-gray\">\ne.g., Feature 1 (CRUD for recording Haze Pledges): Agree \n<br> Feature 2 (Facebook Login): Agree\n<br> Feature 3 (Leaderboard): Disagree\n</p>\n<p class=\"f6 mid-gray\">\n(You can/should be more fine grained in your evaluation than the sample).\n</p>", "Type": "long text", "Options": [], "Subquestions": []}, {"Name": "features clear", "Text": "<b>Please give written feedback to explain your rating for whether the features have been clearly specified.</b>\n<p class=\"f6 mid-gray\">Please write a minimum of 1-2 sentences and a maximum of 500 words (approximately 1 page).</p>", "Type": "long text", "Options": [], "Subquestions": []}, {"Name": "features complete mvp", "Text": "<b>If the selected features are successfully implemented, there will be a minimum viable product to demonstrate by the end of this phase.</b>", "Type": "radio", "Options": [{"Value": "1", "Display": "Strongly Disagree"}, {"Value": "2", "Display": "Disagree"}, {"Value": "3", "Display": "Neutral"}, {"Value": "4", "Display": "Agree"}, {"Value": "5", "Display": "Strongly Agree"}], "Subquestions": []}, {"Name": "explain features evaluation", "Text": "<b>Please explain your rating on whether the set of features selected for implementation is appropriate. Can the system be demonstrated after the feature set is completed in this phase?</b>", "Type": "long text", "Options": [], "Subquestions": []}, {"Name": "", "Text": "<h3>Project README, poster, video, and log (Section 3 of 5)</h3>", "Type": "paragraph", "Options": [], "Subquestions": []}, {"Name": "clear project direction", "Text": "<p>The project README should explain the purpose of the project in detail, describe each of the feature to be implemented in the next phase clearly, and outline a draft plan for the remaining phases.<p>\n<b>After viewing the README...</b>", "Type": "radio", "Options": [{"Value": "1", "Display": "I still have no idea what the project is supposed to do."}, {"Value": "2", "Display": "I have a reasonable idea of what the project does, but not of the features."}, {"Value": "3", "Display": "I have a reasonable idea of what the project does and a rough idea of the features."}, {"Value": "4", "Display": "I have a good idea of what the project does and a reasonable idea of the features to be implemented."}, {"Value": "5", "Display": "I have a clear idea of what the project does and the features to be implemented."}], "Subquestions": []}, {"Name": "poster and video quality", "Text": "<p>The poster and the video (referenced in the README) should clearly showcase the project''s purpose, scope and features implemented so far. They should assist you as an evaluating team in the peer evaluation process.</p>\n<b>After reading the poster and watching the video...</b>", "Type": "radio", "Options": [{"Value": "0", "Display": "I couldn''t view the poster and the video, or there were too many problems with the submitted poster and video. (0 out of 3)"}, {"Value": "1", "Display": "The poster and the video make minimal effort to document their project''s work and features, and/or just repeats information from the README and log. (1 out of 3)"}, {"Value": "2", "Display": "The poster and the video are mostly complete. I have some sense of the purpose, scope and features of the project, but some aspects are not clear. (2 out of 3)"}, {"Value": "3", "Display": "The poster and the video are complete and I have a good sense of the goals, scope and features of the project. (3 out of 3)"}, {"Value": "4", "Display": "Excellent! The poster and the video are not only complete but also well-prepared. I have learnt from them how to improve my own work. (bonus point)"}], "Subquestions": []}, {"Name": "project log quality", "Text": "<p>The project log should clearly document how much time the team (and its individual students, where applicable) have spent on their Orbital work so far.</p>\n<b>After viewing the project log...</b>", "Type": "radio", "Options": [{"Value": "1", "Display": "I still have no idea of how much time the team members have invested in their project."}, {"Value": "2", "Display": "I have a reasonable idea of how much time the team members have invested in their project and some vague notion of what they have spent it on."}, {"Value": "3", "Display": "I have a reasonable idea of both how much time the team members have invested in their project and what they have spent it on."}, {"Value": "4", "Display": "I have a good idea of how much time the team members have invested in their project and what they have spent it on."}, {"Value": "5", "Display": "I learned from this group''s log and what I can do in my own project for logging, it was excellent!"}], "Subquestions": []}, {"Name": "", "Text": "<h3>Critical Feedback (Section 4 of 5)</h3>", "Type": "paragraph", "Options": [], "Subquestions": []}, {"Name": "critical feedback", "Text": "<b>If there is any critical feedback that you do not want associated with your team, but feel would be helpful to the team to know, please provide it here. It will appear in the private section of the evaluation forms for the group but it will be anonymized.</b>", "Type": "long text", "Options": [], "Subquestions": []}, {"Name": "", "Text": "<h3>Overall Evaluation (Section 5 of 5)</h3>", "Type": "paragraph", "Options": [], "Subquestions": []}, {"Name": "overall rating", "Text": "<b>Please give your overall rating for the submission. This will be used to help us eventually decide whether the team passes and what level of achievement is obtained. This section is also private feedback and your team''s name is anonymized when giving this feedback.</b>", "Type": "radio", "Options": [{"Value": "1", "Display": "1 out of 4 stars. Likely to fail Orbital"}, {"Value": "2", "Display": "2 out of 4 stars. Sufficient to pass the beginner level (Vostok), maybe good enough for intermediate level (Project Gemini)"}, {"Value": "3", "Display": "3 out of 4 stars. Definitely intermediate level (Project Gemini). Maybe good enough for advanced level (Apollo 11)"}, {"Value": "4", "Display": "4 out of 4 stars. Definitely good enough for advanced level (Apollo 11)."}, {"Value": "5", "Display": "5 out of 4 stars. Wow! (Bonus point)"}], "Subquestions": []}]', '2020-06-10 04:59:43.50759+00', '2020-06-10 04:59:43.50759+00', NULL)
    ,(5, 7, '', '', '[{"Name": "readme", "Text": "<b>Project Readme</b>", "Type": "long text", "Options": [], "Subquestions": []}, {"Name": "log", "Text": "<b>Project Log</b>", "Type": "long text", "Options": [], "Subquestions": []}, {"Name": "poster", "Text": "<b>Poster Link</b>", "Type": "short text"}, {"Name": "video", "Text": "<b>Video Link</b>", "Type": "short text"}]', '2020-06-10 04:59:43.50759+00', '2020-06-10 04:59:43.50759+00', NULL)
    ,(6, 8, '', '', '[{"Name": "", "Text": "<h3>Project Ideation (Section 1 of 5)</h3>", "Type": "paragraph", "Options": [], "Subquestions": []}, {"Name": "clear target audience", "Text": "<b>The project should serve some user needs. Is it clear who would benefit from the project?</b>", "Type": "radio", "Options": [{"Value": "1", "Display": "The project appears to be trying to serve some user needs, but I am not sure who would benefit from it."}, {"Value": "2", "Display": "I have a rough idea about who would benefit from the project. It would be better if more details were given."}, {"Value": "3", "Display": "I am very clear about who would benefit from the project."}], "Subquestions": []}, {"Name": "clear and relevant problem", "Text": "<b>Is the problem well defined? Is it clear what need the app is trying to satisfy? Is there a real need to solve the problem?</b>\n<p class=\"f6 mid-gray\">Please grade this with respect to the group of users specified. Be broad in deciding what a problem is. It can be to do something not done before, to do something better, faster, cheaper, or to provide entertainment, fun, etc.</p>", "Type": "radio", "Options": [{"Value": "1", "Display": "The project appears to be trying to do something, but I am not sure what it is."}, {"Value": "2", "Display": "I can roughly see what problem is."}, {"Value": "3", "Display": "There is clearly a problem, but it is unclear that it really needs to be solved."}, {"Value": "4", "Display": "There is clearly a problem and it is likely that solving it would be useful."}, {"Value": "5", "Display": "The problem is real. There is a real need for such an project."}], "Subquestions": []}, {"Name": "solution works", "Text": "<b>Does the project solve the most important aspects of the problem?</b>", "Type": "radio", "Options": [{"Value": "1", "Display": "The project does not really solve the problem."}, {"Value": "2", "Display": "The project would provide a minimal solution to the problem."}, {"Value": "3", "Display": "The project would provide an average solution to the problem."}, {"Value": "4", "Display": "The project would a good solution to the most important aspects of the problem."}, {"Value": "5", "Display": "The project would solve the problem, and creatively too"}], "Subquestions": []}, {"Name": "explain problem+solution evaluation", "Text": "<b>Please provide feedback to the project team on the problem they are trying to solve based on the ratings you gave to the three questions.</b>", "Type": "long text", "Options": [], "Subquestions": []}, {"Name": "", "Text": "<h3>Features for the next phase (Section 2 of 5)</h3>\n<p class=\"f6 mid-gray\">Note: the team may have already started implementing and may have accomplished the necessary work to implement features. These are not being evaluated in this phase, as the focus is on ideation. In this section, we are evaluating the team''s planning for features for the next phase (Jun, up to Milestone 2.)</p>", "Type": "paragraph", "Options": [], "Subquestions": []}, {"Name": "features evaluation", "Text": "<b>\nFor each feature that is being proposed for this phase (minimum of 2-3):\n<ul>\n<li>Is the user role (e.g. public, member, admin) well specified?</li>\n<li>Is the desired outcome (user goal) clear?</li>\n<li>(Optional) Is the benefit clear?</li>\n</ul>\n</b>\n<p class=\"f6 mid-gray\">\nPlease choose one option per feature on whether you agree with this statement : The features are clearly specified and I will have no trouble deciding whether to accept them at the end of the phase.\n<br>\nStrongly Disagree, Disagree, Neutral, Agree, Strongly Agree.\n<p>\n<p class=\"f6 mid-gray\">\ne.g., Feature 1 (CRUD for recording Haze Pledges): Agree \n<br> Feature 2 (Facebook Login): Agree\n<br> Feature 3 (Leaderboard): Disagree\n</p>\n<p class=\"f6 mid-gray\">\n(You can/should be more fine grained in your evaluation than the sample).\n</p>", "Type": "long text", "Options": [], "Subquestions": []}, {"Name": "features clear", "Text": "<b>Please give written feedback to explain your rating for whether the features have been clearly specified.</b>\n<p class=\"f6 mid-gray\">Please write a minimum of 1-2 sentences and a maximum of 500 words (approximately 1 page).</p>", "Type": "long text", "Options": [], "Subquestions": []}, {"Name": "features complete mvp", "Text": "<b>If the selected features are successfully implemented, there will be a minimum viable product to demonstrate by the end of this phase.</b>", "Type": "radio", "Options": [{"Value": "1", "Display": "Strongly Disagree"}, {"Value": "2", "Display": "Disagree"}, {"Value": "3", "Display": "Neutral"}, {"Value": "4", "Display": "Agree"}, {"Value": "5", "Display": "Strongly Agree"}], "Subquestions": []}, {"Name": "explain features evaluation", "Text": "<b>Please explain your rating on whether the set of features selected for implementation is appropriate. Can the system be demonstrated after the feature set is completed in this phase?</b>", "Type": "long text", "Options": [], "Subquestions": []}, {"Name": "", "Text": "<h3>Project README, poster, video, and log (Section 3 of 5)</h3>", "Type": "paragraph", "Options": [], "Subquestions": []}, {"Name": "clear project direction", "Text": "<p>The project README should explain the purpose of the project in detail, describe each of the feature to be implemented in the next phase clearly, and outline a draft plan for the remaining phases.<p>\n<b>After viewing the README...</b>", "Type": "radio", "Options": [{"Value": "1", "Display": "I still have no idea what the project is supposed to do."}, {"Value": "2", "Display": "I have a reasonable idea of what the project does, but not of the features."}, {"Value": "3", "Display": "I have a reasonable idea of what the project does and a rough idea of the features."}, {"Value": "4", "Display": "I have a good idea of what the project does and a reasonable idea of the features to be implemented."}, {"Value": "5", "Display": "I have a clear idea of what the project does and the features to be implemented."}], "Subquestions": []}, {"Name": "poster and video quality", "Text": "<p>The poster and the video (referenced in the README) should clearly showcase the project''s purpose, scope and features implemented so far. They should assist you as an evaluating team in the peer evaluation process.</p>\n<b>After reading the poster and watching the video...</b>", "Type": "radio", "Options": [{"Value": "0", "Display": "I couldn''t view the poster and the video, or there were too many problems with the submitted poster and video. (0 out of 3)"}, {"Value": "1", "Display": "The poster and the video make minimal effort to document their project''s work and features, and/or just repeats information from the README and log. (1 out of 3)"}, {"Value": "2", "Display": "The poster and the video are mostly complete. I have some sense of the purpose, scope and features of the project, but some aspects are not clear. (2 out of 3)"}, {"Value": "3", "Display": "The poster and the video are complete and I have a good sense of the goals, scope and features of the project. (3 out of 3)"}, {"Value": "4", "Display": "Excellent! The poster and the video are not only complete but also well-prepared. I have learnt from them how to improve my own work. (bonus point)"}], "Subquestions": []}, {"Name": "project log quality", "Text": "<p>The project log should clearly document how much time the team (and its individual students, where applicable) have spent on their Orbital work so far.</p>\n<b>After viewing the project log...</b>", "Type": "radio", "Options": [{"Value": "1", "Display": "I still have no idea of how much time the team members have invested in their project."}, {"Value": "2", "Display": "I have a reasonable idea of how much time the team members have invested in their project and some vague notion of what they have spent it on."}, {"Value": "3", "Display": "I have a reasonable idea of both how much time the team members have invested in their project and what they have spent it on."}, {"Value": "4", "Display": "I have a good idea of how much time the team members have invested in their project and what they have spent it on."}, {"Value": "5", "Display": "I learned from this group''s log and what I can do in my own project for logging, it was excellent!"}], "Subquestions": []}, {"Name": "", "Text": "<h3>Critical Feedback (Section 4 of 5)</h3>", "Type": "paragraph", "Options": [], "Subquestions": []}, {"Name": "critical feedback", "Text": "<b>If there is any critical feedback that you do not want associated with your team, but feel would be helpful to the team to know, please provide it here. It will appear in the private section of the evaluation forms for the group but it will be anonymized.</b>", "Type": "long text", "Options": [], "Subquestions": []}, {"Name": "", "Text": "<h3>Overall Evaluation (Section 5 of 5)</h3>", "Type": "paragraph", "Options": [], "Subquestions": []}, {"Name": "overall rating", "Text": "<b>Please give your overall rating for the submission. This will be used to help us eventually decide whether the team passes and what level of achievement is obtained. This section is also private feedback and your team''s name is anonymized when giving this feedback.</b>", "Type": "radio", "Options": [{"Value": "1", "Display": "1 out of 4 stars. Likely to fail Orbital"}, {"Value": "2", "Display": "2 out of 4 stars. Sufficient to pass the beginner level (Vostok), maybe good enough for intermediate level (Project Gemini)"}, {"Value": "3", "Display": "3 out of 4 stars. Definitely intermediate level (Project Gemini). Maybe good enough for advanced level (Apollo 11)"}, {"Value": "4", "Display": "4 out of 4 stars. Definitely good enough for advanced level (Apollo 11)."}, {"Value": "5", "Display": "5 out of 4 stars. Wow! (Bonus point)"}], "Subquestions": []}]', '2020-06-10 04:59:43.50759+00', '2020-06-10 04:59:43.50759+00', NULL)
    ,(7, 9, '', '', '[{"Name": "readme", "Text": "<b>Project Readme</b>", "Type": "long text", "Options": [], "Subquestions": []}, {"Name": "log", "Text": "<b>Project Log</b>", "Type": "long text", "Options": [], "Subquestions": []}, {"Name": "poster", "Text": "<b>Poster Link</b>", "Type": "short text"}, {"Name": "video", "Text": "<b>Video Link</b>", "Type": "short text"}]', '2020-06-10 04:59:43.50759+00', '2020-06-10 04:59:43.50759+00', NULL)
    ,(8, 10, '', '', '[{"Name": "", "Text": "<h3>Project Ideation (Section 1 of 5)</h3>", "Type": "paragraph", "Options": [], "Subquestions": []}, {"Name": "clear target audience", "Text": "<b>The project should serve some user needs. Is it clear who would benefit from the project?</b>", "Type": "radio", "Options": [{"Value": "1", "Display": "The project appears to be trying to serve some user needs, but I am not sure who would benefit from it."}, {"Value": "2", "Display": "I have a rough idea about who would benefit from the project. It would be better if more details were given."}, {"Value": "3", "Display": "I am very clear about who would benefit from the project."}], "Subquestions": []}, {"Name": "clear and relevant problem", "Text": "<b>Is the problem well defined? Is it clear what need the app is trying to satisfy? Is there a real need to solve the problem?</b>\n<p class=\"f6 mid-gray\">Please grade this with respect to the group of users specified. Be broad in deciding what a problem is. It can be to do something not done before, to do something better, faster, cheaper, or to provide entertainment, fun, etc.</p>", "Type": "radio", "Options": [{"Value": "1", "Display": "The project appears to be trying to do something, but I am not sure what it is."}, {"Value": "2", "Display": "I can roughly see what problem is."}, {"Value": "3", "Display": "There is clearly a problem, but it is unclear that it really needs to be solved."}, {"Value": "4", "Display": "There is clearly a problem and it is likely that solving it would be useful."}, {"Value": "5", "Display": "The problem is real. There is a real need for such an project."}], "Subquestions": []}, {"Name": "solution works", "Text": "<b>Does the project solve the most important aspects of the problem?</b>", "Type": "radio", "Options": [{"Value": "1", "Display": "The project does not really solve the problem."}, {"Value": "2", "Display": "The project would provide a minimal solution to the problem."}, {"Value": "3", "Display": "The project would provide an average solution to the problem."}, {"Value": "4", "Display": "The project would a good solution to the most important aspects of the problem."}, {"Value": "5", "Display": "The project would solve the problem, and creatively too"}], "Subquestions": []}, {"Name": "explain problem+solution evaluation", "Text": "<b>Please provide feedback to the project team on the problem they are trying to solve based on the ratings you gave to the three questions.</b>", "Type": "long text", "Options": [], "Subquestions": []}, {"Name": "", "Text": "<h3>Features for the next phase (Section 2 of 5)</h3>\n<p class=\"f6 mid-gray\">Note: the team may have already started implementing and may have accomplished the necessary work to implement features. These are not being evaluated in this phase, as the focus is on ideation. In this section, we are evaluating the team''s planning for features for the next phase (Jun, up to Milestone 2.)</p>", "Type": "paragraph", "Options": [], "Subquestions": []}, {"Name": "features evaluation", "Text": "<b>\nFor each feature that is being proposed for this phase (minimum of 2-3):\n<ul>\n<li>Is the user role (e.g. public, member, admin) well specified?</li>\n<li>Is the desired outcome (user goal) clear?</li>\n<li>(Optional) Is the benefit clear?</li>\n</ul>\n</b>\n<p class=\"f6 mid-gray\">\nPlease choose one option per feature on whether you agree with this statement : The features are clearly specified and I will have no trouble deciding whether to accept them at the end of the phase.\n<br>\nStrongly Disagree, Disagree, Neutral, Agree, Strongly Agree.\n<p>\n<p class=\"f6 mid-gray\">\ne.g., Feature 1 (CRUD for recording Haze Pledges): Agree \n<br> Feature 2 (Facebook Login): Agree\n<br> Feature 3 (Leaderboard): Disagree\n</p>\n<p class=\"f6 mid-gray\">\n(You can/should be more fine grained in your evaluation than the sample).\n</p>", "Type": "long text", "Options": [], "Subquestions": []}, {"Name": "features clear", "Text": "<b>Please give written feedback to explain your rating for whether the features have been clearly specified.</b>\n<p class=\"f6 mid-gray\">Please write a minimum of 1-2 sentences and a maximum of 500 words (approximately 1 page).</p>", "Type": "long text", "Options": [], "Subquestions": []}, {"Name": "features complete mvp", "Text": "<b>If the selected features are successfully implemented, there will be a minimum viable product to demonstrate by the end of this phase.</b>", "Type": "radio", "Options": [{"Value": "1", "Display": "Strongly Disagree"}, {"Value": "2", "Display": "Disagree"}, {"Value": "3", "Display": "Neutral"}, {"Value": "4", "Display": "Agree"}, {"Value": "5", "Display": "Strongly Agree"}], "Subquestions": []}, {"Name": "explain features evaluation", "Text": "<b>Please explain your rating on whether the set of features selected for implementation is appropriate. Can the system be demonstrated after the feature set is completed in this phase?</b>", "Type": "long text", "Options": [], "Subquestions": []}, {"Name": "", "Text": "<h3>Project README, poster, video, and log (Section 3 of 5)</h3>", "Type": "paragraph", "Options": [], "Subquestions": []}, {"Name": "clear project direction", "Text": "<p>The project README should explain the purpose of the project in detail, describe each of the feature to be implemented in the next phase clearly, and outline a draft plan for the remaining phases.<p>\n<b>After viewing the README...</b>", "Type": "radio", "Options": [{"Value": "1", "Display": "I still have no idea what the project is supposed to do."}, {"Value": "2", "Display": "I have a reasonable idea of what the project does, but not of the features."}, {"Value": "3", "Display": "I have a reasonable idea of what the project does and a rough idea of the features."}, {"Value": "4", "Display": "I have a good idea of what the project does and a reasonable idea of the features to be implemented."}, {"Value": "5", "Display": "I have a clear idea of what the project does and the features to be implemented."}], "Subquestions": []}, {"Name": "poster and video quality", "Text": "<p>The poster and the video (referenced in the README) should clearly showcase the project''s purpose, scope and features implemented so far. They should assist you as an evaluating team in the peer evaluation process.</p>\n<b>After reading the poster and watching the video...</b>", "Type": "radio", "Options": [{"Value": "0", "Display": "I couldn''t view the poster and the video, or there were too many problems with the submitted poster and video. (0 out of 3)"}, {"Value": "1", "Display": "The poster and the video make minimal effort to document their project''s work and features, and/or just repeats information from the README and log. (1 out of 3)"}, {"Value": "2", "Display": "The poster and the video are mostly complete. I have some sense of the purpose, scope and features of the project, but some aspects are not clear. (2 out of 3)"}, {"Value": "3", "Display": "The poster and the video are complete and I have a good sense of the goals, scope and features of the project. (3 out of 3)"}, {"Value": "4", "Display": "Excellent! The poster and the video are not only complete but also well-prepared. I have learnt from them how to improve my own work. (bonus point)"}], "Subquestions": []}, {"Name": "project log quality", "Text": "<p>The project log should clearly document how much time the team (and its individual students, where applicable) have spent on their Orbital work so far.</p>\n<b>After viewing the project log...</b>", "Type": "radio", "Options": [{"Value": "1", "Display": "I still have no idea of how much time the team members have invested in their project."}, {"Value": "2", "Display": "I have a reasonable idea of how much time the team members have invested in their project and some vague notion of what they have spent it on."}, {"Value": "3", "Display": "I have a reasonable idea of both how much time the team members have invested in their project and what they have spent it on."}, {"Value": "4", "Display": "I have a good idea of how much time the team members have invested in their project and what they have spent it on."}, {"Value": "5", "Display": "I learned from this group''s log and what I can do in my own project for logging, it was excellent!"}], "Subquestions": []}, {"Name": "", "Text": "<h3>Critical Feedback (Section 4 of 5)</h3>", "Type": "paragraph", "Options": [], "Subquestions": []}, {"Name": "critical feedback", "Text": "<b>If there is any critical feedback that you do not want associated with your team, but feel would be helpful to the team to know, please provide it here. It will appear in the private section of the evaluation forms for the group but it will be anonymized.</b>", "Type": "long text", "Options": [], "Subquestions": []}, {"Name": "", "Text": "<h3>Overall Evaluation (Section 5 of 5)</h3>", "Type": "paragraph", "Options": [], "Subquestions": []}, {"Name": "overall rating", "Text": "<b>Please give your overall rating for the submission. This will be used to help us eventually decide whether the team passes and what level of achievement is obtained. This section is also private feedback and your team''s name is anonymized when giving this feedback.</b>", "Type": "radio", "Options": [{"Value": "1", "Display": "1 out of 4 stars. Likely to fail Orbital"}, {"Value": "2", "Display": "2 out of 4 stars. Sufficient to pass the beginner level (Vostok), maybe good enough for intermediate level (Project Gemini)"}, {"Value": "3", "Display": "3 out of 4 stars. Definitely intermediate level (Project Gemini). Maybe good enough for advanced level (Apollo 11)"}, {"Value": "4", "Display": "4 out of 4 stars. Definitely good enough for advanced level (Apollo 11)."}, {"Value": "5", "Display": "5 out of 4 stars. Wow! (Bonus point)"}], "Subquestions": []}]', '2020-06-10 04:59:43.50759+00', '2020-06-10 04:59:43.50759+00', NULL)
    ,(9, 11, '', '', '[{"Name": "adviser rating", "Text": "<b>Your rating of this team/adviser''s evaluations on your project, averaged all Evaluation Milestones that they completed for you.</b>\n<div class=\"f6 gray\">This only evaluates your peers'' evaluation and comments on your project -- not their project''s video, README or log. This will be used to help us to decide whether those teams achieve a higher than beginner (Vostok) level of achievement. This section will only be anonymously viewable to each target group.</div>", "Type": "radio", "Options": [{"Value": "1", "Display": "1 out of 4 stars. Did not meet peer evaluation requirements -- missing evaluations or did the bare minimum."}, {"Value": "2", "Display": "2 out of 4 stars. Met the minimum requirements for evaluations. Sufficient to pass the beginner level (Vostok)."}, {"Value": "3", "Display": "3 out of 4 stars. Exceeded the minimal requirements for feedback, with occasionally useful feedback given for my project. Meets intermediate level (Gemini), maybe good enough for the advanced level (Apollo 11)."}, {"Value": "4", "Display": "4 out of 4 stars. Often comprehensive and useful feedback on my project. Good enough for the advanced level (Apollo 11)."}, {"Value": "5", "Display": "5 out of 4 stars. Wow! (Bonus point) Consistently comprehensive and constructive feedback for all three Evaluations. We valued their contributions to my project. Definitely good enough for the advanced level (Apollo 11)."}], "Subquestions": []}, {"Name": "log", "Text": "<b>Feedback and comments on this team / adviser (if any).</b>", "Type": "long text", "Answer": null, "Options": [], "SubquestionAnswers": null}]', '2020-06-10 04:59:43.50759+00', '2020-06-10 04:59:43.50759+00', NULL)
;


-- users
INSERT INTO users
    (user_id, displayname, email, password)
VALUES
    (1, 'Adviser01', 'adviser01@u.nus.edu', NULL)
    ,(2, 'Adviser02', 'adviser02@u.nus.edu', NULL)
    ,(3, 'Adviser03', 'adviser03@u.nus.edu', NULL)
    ,(4, 'Adviser04', 'adviser04@u.nus.edu', NULL)
    ,(5, 'Adviser05', 'adviser05@u.nus.edu', NULL)
    ,(6, 'Adviser06', 'adviser06@u.nus.edu', NULL)
    ,(7, 'Adviser07', 'adviser07@u.nus.edu', NULL)
    ,(8, 'Adviser08', 'adviser08@u.nus.edu', NULL)
    ,(9, 'Adviser09', 'adviser09@u.nus.edu', NULL)
    ,(10, 'Adviser10', 'adviser10@u.nus.edu', NULL)
    ,(11, 'Mentor01', 'mentor01@gmail.com', NULL)
    ,(12, 'Mentor02', 'mentor02@gmail.com', NULL)
    ,(13, 'Mentor03', 'mentor03@gmail.com', NULL)
    ,(14, 'Mentor04', 'mentor04@gmail.com', NULL)
    ,(15, 'Mentor05', 'mentor05@gmail.com', NULL)
    ,(16, 'Aqua', 'aqua@kono.suba', NULL)
    ,(17, 'Dustiness Ford Lalatina', 'darkness@kono.suba', NULL)
    ,(18, 'Satou Kazuma', 'kazuma@kono.suba', NULL)
    ,(19, 'Megumin', 'megumin@kono.suba', NULL)
    ,(20, 'Adolph Schweigert ', 'adolphschweigert@gmail.com', NULL)
    ,(21, 'Adrianna Ballweg ', 'adriannaballweg@gmail.com', NULL)
    ,(22, 'Tamar Mauricio ', 'tamarmauricio@gmail.com', NULL)
    ,(23, 'Jacquetta Pitman ', 'jacquettapitman@gmail.com', NULL)
    ,(24, 'Yulanda Griest ', 'yulandagriest@gmail.com', NULL)
    ,(25, 'Sharika Brase ', 'sharikabrase@gmail.com', NULL)
    ,(26, 'Barbara Olinger ', 'barbaraolinger@gmail.com', NULL)
    ,(27, 'Kamilah Phoenix ', 'kamilahphoenix@gmail.com', NULL)
    ,(28, 'Lowell Savarese ', 'lowellsavarese@gmail.com', NULL)
    ,(29, 'Cynthia Grand ', 'cynthiagrand@gmail.com', NULL)
    ,(30, 'Sharice Neubauer ', 'shariceneubauer@gmail.com', NULL)
    ,(31, 'Corrine Tarlton ', 'corrinetarlton@gmail.com', NULL)
    ,(32, 'Shane Calo ', 'shanecalo@gmail.com', NULL)
    ,(33, 'Roman Thronson ', 'romanthronson@gmail.com', NULL)
    ,(34, 'Celeste Town ', 'celestetown@gmail.com', NULL)
    ,(35, 'Wonda Mccluskey ', 'wondamccluskey@gmail.com', NULL)
    ,(36, 'Reginald Dillenbeck ', 'reginalddillenbeck@gmail.com', NULL)
    ,(37, 'Deana Haupt ', 'deanahaupt@gmail.com', NULL)
    ,(38, 'Kandace Lauer ', 'kandacelauer@gmail.com', NULL)
    ,(39, 'Shaquana Donley ', 'shaquanadonley@gmail.com', NULL)
    ,(40, 'John', 'e1119090@u.nus.edu', NULL)
    ,(41, 'Shrek', 'shrek.2001@dreamworks.com', NULL)
    ,(42, 'Donkey', 'donkey.2001@dreamworks.com', NULL)
    ,(43, 'Hilde Manigault', 'hildemanigault@gmail.com', NULL)
    ,(44, 'Tyron Speaks ', 'tyronspeaks@gmail.com', NULL)
    ,(45, 'Ashlyn Storer ', 'ashlynstorer@gmail.com', NULL)
    ,(46, 'Timothy Sitzes ', 'timothysitzes@gmail.com', NULL)
    ,(47, 'Bruce Dave ', 'brucedave@gmail.com', NULL)
    ,(48, 'Travis Vanwinkle ', 'travisvanwinkle@gmail.com', NULL)
    ,(49, 'Damion Snoddy ', 'damionsnoddy@gmail.com', NULL)
    ,(50, 'Shenna Entrekin ', 'shennaentrekin@gmail.com', NULL)
    ,(51, 'Gianna Jurgensen ', 'giannajurgensen@gmail.com', NULL)
    ,(52, 'Rosalie Struck ', 'rosaliestruck@gmail.com', NULL)
    ,(53, 'Lowell Betts ', 'lowellbetts@gmail.com', NULL)
    ,(54, 'Zina Devaney ', 'zinadevaney@gmail.com', NULL)
    ,(55, 'Lynda Feely ', 'lyndafeely@gmail.com', NULL)
    ,(56, 'Viola Cottingham ', 'violacottingham@gmail.com', NULL)
    ,(57, 'Adah Lupton ', 'adahlupton@gmail.com', NULL)
    ,(58, 'Arleen Burgett ', 'arleenburgett@gmail.com', NULL)
    ,(59, 'Renea Mcelfresh ', 'reneamcelfresh@gmail.com', NULL)
    ,(60, 'Candi Dorgan ', 'candidorgan@gmail.com', NULL)
    ,(61, 'Jacki Manross ', 'jackimanross@gmail.com', NULL)
    ,(62, 'Ellsworth Haydon ', 'ellsworthhaydon@gmail.com', NULL)
    ,(63, 'Deloise Lubinski ', 'deloiselubinski@gmail.com', NULL)
    ,(64, 'Nicolasa Bourne ', 'nicolasabourne@gmail.com', NULL)
    ,(65, 'Erich Trost ', 'erichtrost@gmail.com', NULL)
    ,(66, 'Britta Brand ', 'brittabrand@gmail.com', NULL)
    ,(67, 'Melisa Artiaga ', 'melisaartiaga@gmail.com', NULL)
    ,(68, 'Judson Fuentez ', 'judsonfuentez@gmail.com', NULL)
    ,(69, 'Jazmine Timko ', 'jazminetimko@gmail.com', NULL)
    ,(70, 'Oliver Wurster ', 'oliverwurster@gmail.com', NULL)
    ,(71, 'Dia Baden ', 'diabaden@gmail.com', NULL)
    ,(72, 'Laurence Waldrip ', 'laurencewaldrip@gmail.com', NULL)
    ,(73, 'Ta Levay ', 'talevay@gmail.com', NULL)
    ,(74, 'Creola Scudder ', 'creolascudder@gmail.com', NULL)
    ,(75, 'Julie Navarro ', 'julienavarro@gmail.com', NULL)
    ,(76, 'Samella Hunsberger ', 'samellahunsberger@gmail.com', NULL)
    ,(77, 'Marguerita Turley ', 'margueritaturley@gmail.com', NULL)
    ,(78, 'Arline Tienda ', 'arlinetienda@gmail.com', NULL)
    ,(79, 'Nicol Barak ', 'nicolbarak@gmail.com', NULL)
    ,(80, 'Corrinne Glueck ', 'corrinneglueck@gmail.com', NULL)
    ,(81, 'Ranee Atwater ', 'raneeatwater@gmail.com', NULL)
    ,(82, 'Jillian Rathburn ', 'jillianrathburn@gmail.com', NULL)
    ,(83, 'Shiloh Baron ', 'shilohbaron@gmail.com', NULL)
    ,(84, 'Randolph Bridgeman ', 'randolphbridgeman@gmail.com', NULL)
    ,(85, 'Shakira Barrs ', 'shakirabarrs@gmail.com', NULL)
    ,(86, 'Nancie Meads ', 'nanciemeads@gmail.com', NULL)
    ,(87, 'Jerilyn Greaver ', 'jerilyngreaver@gmail.com', NULL)
    ,(88, 'Zachery Buonocore ', 'zacherybuonocore@gmail.com', NULL)
    ,(89, 'Molly Haag ', 'mollyhaag@gmail.com', NULL)
    ,(90, 'Shane Clewis ', 'shaneclewis@gmail.com', NULL)
    ,(91, 'Muoi Doyel ', 'muoidoyel@gmail.com', NULL)
    ,(92, 'Moon Arizmendi ', 'moonarizmendi@gmail.com', NULL)
    ,(93, 'Penni Casimir ', 'pennicasimir@gmail.com', NULL)
    ,(94, 'Tyler Craft ', 'tylercraft@gmail.com', NULL)
    ,(95, 'Jeremiah Clever ', 'jeremiahclever@gmail.com', NULL)
    ,(96, 'Tiny Hewey ', 'tinyhewey@gmail.com', NULL)
    ,(97, 'Dani Biggers ', 'danibiggers@gmail.com', NULL)
    ,(98, 'Chery Leleux ', 'cheryleleux@gmail.com', NULL)
    ,(99, 'Blake Doss ', 'blakedoss@gmail.com', NULL)
    ,(100, 'Rosalva Heater ', 'rosalvaheater@gmail.com', NULL)
    ,(101, 'Earnestine Olmos ', 'earnestineolmos@gmail.com', NULL)
    ,(102, 'Benjamin Bias ', 'benjaminbias@gmail.com', NULL)
    ,(103, 'Gwendolyn Mccants ', 'gwendolynmccants@gmail.com', NULL)
    ,(104, 'Wyatt Laudenslager ', 'wyattlaudenslager@gmail.com', NULL)
    ,(105, 'Raylene Fleck ', 'raylenefleck@gmail.com', NULL)
    ,(106, 'Sari Drinnon ', 'saridrinnon@gmail.com', NULL)
    ,(107, 'Elinor Tilly ', 'elinortilly@gmail.com', NULL)
    ,(108, 'Augustine Mitchel ', 'augustinemitchel@gmail.com', NULL)
    ,(109, 'Raina Lokey ', 'rainalokey@gmail.com', NULL)
    ,(110, 'Maurice Nay ', 'mauricenay@gmail.com', NULL)
    ,(111, 'Shin Brzozowski ', 'shinbrzozowski@gmail.com', NULL)
    ,(112, 'Ana Noonkester ', 'ananoonkester@gmail.com', NULL)
    ,(113, 'Fredrick Zielke ', 'fredrickzielke@gmail.com', NULL)
    ,(114, 'Marcelina Gabriel ', 'marcelinagabriel@gmail.com', NULL)
    ,(115, 'Karmen Shawn ', 'karmenshawn@gmail.com', NULL)
    ,(116, 'Larae Sally ', 'laraesally@gmail.com', NULL)
    ,(117, 'Chieko Beauchemin ', 'chiekobeauchemin@gmail.com', NULL)
    ,(118, 'Shelba Bentley ', 'shelbabentley@gmail.com', NULL)
    ,(119, 'Logan Croley ', 'logancroley@gmail.com', NULL)
    ,(120, 'Candyce Wedeking ', 'candycewedeking@gmail.com', NULL)
    ,(121, 'Wenona Lindgren ', 'wenonalindgren@gmail.com', NULL)
    ,(122, 'Twana Eckstein ', 'twanaeckstein@gmail.com', NULL)
    ,(123, 'Cathryn Stellmacher ', 'cathrynstellmacher@gmail.com', NULL)
    ,(124, 'Manuela Topping ', 'manuelatopping@gmail.com', NULL)
    ,(125, 'Laurice Ochs ', 'lauriceochs@gmail.com', NULL)
    ,(126, 'Melissia Mauch ', 'melissiamauch@gmail.com', NULL)
    ,(127, 'Jerri Bilderback ', 'jerribilderback@gmail.com', NULL)
    ,(128, 'Leonida Hilgefort ', 'leonidahilgefort@gmail.com', NULL)
    ,(129, 'Bambi Hazelwood ', 'bambihazelwood@gmail.com', NULL)
    ,(130, 'Janett Vasta ', 'janettvasta@gmail.com', NULL)
    ,(131, 'Nereida Mattis ', 'nereidamattis@gmail.com', NULL)
    ,(132, 'Mana Sartor ', 'manasartor@gmail.com', NULL)
    ,(133, 'Missy Lopinto ', 'missylopinto@gmail.com', NULL)
    ,(134, 'Eartha Varnado ', 'earthavarnado@gmail.com', NULL)
    ,(135, 'Wilda Lanier ', 'wildalanier@gmail.com', NULL)
    ,(136, 'Kassandra Rybak ', 'kassandrarybak@gmail.com', NULL)
    ,(137, 'Jacqulyn Hokanson ', 'jacqulynhokanson@gmail.com', NULL)
    ,(138, 'Lavera Sexton ', 'laverasexton@gmail.com', NULL)
    ,(139, 'Lavern Fane ', 'lavernfane@gmail.com', NULL)
    ,(140, 'Michelina Egger ', 'michelinaegger@gmail.com', NULL)
    ,(141, 'Laquanda Pinkard ', 'laquandapinkard@gmail.com', NULL)
    ,(142, 'Malorie Muir ', 'maloriemuir@gmail.com', NULL)
    ,(143, 'Elias Hake ', 'eliashake@gmail.com', NULL)
    ,(144, 'Dawna Caison ', 'dawnacaison@gmail.com', NULL)
    ,(145, 'Aaron Helbig ', 'aaronhelbig@gmail.com', NULL)
    ,(146, 'Lulu Appel ', 'luluappel@gmail.com', NULL)
    ,(147, 'Luann Cissell ', 'luanncissell@gmail.com', NULL)
    ,(148, 'Kathey Mickles ', 'katheymickles@gmail.com', NULL)
    ,(149, 'Rhea Araujo ', 'rheaaraujo@gmail.com', NULL)
    ,(150, 'Dirk Hayner ', 'dirkhayner@gmail.com', NULL)
    ,(151, 'Jamison Hambrick ', 'jamisonhambrick@gmail.com', NULL)
    ,(152, 'Deetta Cleek ', 'deettacleek@gmail.com', NULL)
    ,(153, 'Sunny Engebretson ', 'sunnyengebretson@gmail.com', NULL)
    ,(154, 'Phillis Poucher ', 'phillispoucher@gmail.com', NULL)
    ,(155, 'Yevette Barham ', 'yevettebarham@gmail.com', NULL)
    ,(156, 'Philomena Cambareri ', 'philomenacambareri@gmail.com', NULL)
    ,(157, 'Nelida Frey ', 'nelidafrey@gmail.com', NULL)
    ,(158, 'Anh Nath ', 'anhnath@gmail.com', NULL)
    ,(159, 'Suellen Langevin ', 'suellenlangevin@gmail.com', NULL)
    ,(160, 'Melvin Margolin ', 'melvinmargolin@gmail.com', NULL)
    ,(161, 'Kim Grange ', 'kimgrange@gmail.com', NULL)
    ,(162, 'Odette Hiles ', 'odettehiles@gmail.com', NULL)
    ,(163, 'Charity Turgeon ', 'charityturgeon@gmail.com', NULL)
    ,(164, 'Bernardo Rhodes ', 'bernardorhodes@gmail.com', NULL)
    ,(165, 'Chang Hendrixson ', 'changhendrixson@gmail.com', NULL)
    ,(166, 'Tomasa Chen ', 'tomasachen@gmail.com', NULL)
    ,(167, 'Niesha Fischetti ', 'nieshafischetti@gmail.com', NULL)
    ,(168, 'Antonetta Pasquale ', 'antonettapasquale@gmail.com', NULL)
    ,(169, 'Sheridan Brassfield ', 'sheridanbrassfield@gmail.com', NULL)
    ,(170, 'Veronique Venezia ', 'veroniquevenezia@gmail.com', NULL)
    ,(171, 'Ma Ghoston ', 'maghoston@gmail.com', NULL)
    ,(172, 'Teresa Pitzer ', 'teresapitzer@gmail.com', NULL)
    ,(173, 'Augusta Hannon ', 'augustahannon@gmail.com', NULL)
    ,(174, 'Denny Lessig ', 'dennylessig@gmail.com', NULL)
    ,(175, 'Jacquelin Tilton ', 'jacquelintilton@gmail.com', NULL)
    ,(176, 'Keena Lebo ', 'keenalebo@gmail.com', NULL)
    ,(177, 'Shaunta Maher ', 'shauntamaher@gmail.com', NULL)
    ,(178, 'Emelda Perfecto ', 'emeldaperfecto@gmail.com', NULL)
    ,(179, 'Emily Dee ', 'emilydee@gmail.com', NULL)
    ,(180, 'Anderson Salazar ', 'andersonsalazar@gmail.com', NULL)
    ,(181, 'Maximo Hougland ', 'maximohougland@gmail.com', NULL)
    ,(182, 'Joie Hollier ', 'joiehollier@gmail.com', NULL)
    ,(183, 'Barb Mcglothlen ', 'barbmcglothlen@gmail.com', NULL)
    ,(184, 'Madge Weed ', 'madgeweed@gmail.com', NULL)
    ,(185, 'Vennie Hertlein ', 'venniehertlein@gmail.com', NULL)
    ,(186, 'Ed Creighton ', 'edcreighton@gmail.com', NULL)
    ,(187, 'Moshe Daughtrey ', 'moshedaughtrey@gmail.com', NULL)
    ,(188, 'Florence Dehn ', 'florencedehn@gmail.com', NULL)
    ,(189, 'Mable Steinfeldt ', 'mablesteinfeldt@gmail.com', NULL)
    ,(190, 'Nancie Liverman ', 'nancieliverman@gmail.com', NULL)
    ,(191, 'Sandee Spargo ', 'sandeespargo@gmail.com', NULL)
    ,(192, 'Annamae Woodford ', 'annamaewoodford@gmail.com', NULL)
    ,(193, 'Willy Kuester ', 'willykuester@gmail.com', NULL)
    ,(194, 'Juana Gregorio ', 'juanagregorio@gmail.com', NULL)
    ,(195, 'Jenette Mcintosh ', 'jenettemcintosh@gmail.com', NULL)
    ,(196, 'Lenny Senegal ', 'lennysenegal@gmail.com', NULL)
    ,(197, 'Patience Tumlinson ', 'patiencetumlinson@gmail.com', NULL)
    ,(198, 'Harlan Gunter ', 'harlangunter@gmail.com', NULL)
    ,(199, 'Lizabeth Canova ', 'lizabethcanova@gmail.com', NULL)
    ,(200, 'Kala Ostler ', 'kalaostler@gmail.com', NULL)
    ,(201, 'Raymonde Fickett ', 'raymondefickett@gmail.com', NULL)
    ,(202, 'Elena Scheidler ', 'elenascheidler@gmail.com', NULL)
    ,(203, 'Salley Deer ', 'salleydeer@gmail.com', NULL)
    ,(204, 'Bennett Victorian ', 'bennettvictorian@gmail.com', NULL)
    ,(205, 'Tomasa Anselmo ', 'tomasaanselmo@gmail.com', NULL)
    ,(206, 'Idalia Buda ', 'idaliabuda@gmail.com', NULL)
    ,(207, 'Marlene Marquez ', 'marlenemarquez@gmail.com', NULL)
    ,(208, 'Rico Fausnaught ', 'ricofausnaught@gmail.com', NULL)
    ,(209, 'Jeri Cyr ', 'jericyr@gmail.com', NULL)
    ,(210, 'Angele Ahearn ', 'angeleahearn@gmail.com', NULL)
    ,(211, 'Aja Nimmo ', 'ajanimmo@gmail.com', NULL)
    ,(212, 'Lee Villescas ', 'leevillescas@gmail.com', NULL)
    ,(213, 'Cordelia Depaz ', 'cordeliadepaz@gmail.com', NULL)
    ,(214, 'Sharon Tirrell ', 'sharontirrell@gmail.com', NULL)
    ,(215, 'Dorothea Kestner ', 'dorotheakestner@gmail.com', NULL)
    ,(216, 'Mabel Tedesco ', 'mabeltedesco@gmail.com', NULL)
    ,(217, 'Marie Nicastro ', 'marienicastro@gmail.com', NULL)
    ,(218, 'Eladia Edington ', 'eladiaedington@gmail.com', NULL)
    ,(219, 'Misti Lucius ', 'mistilucius@gmail.com', NULL)
    ,(220, 'Maudie Stallone ', 'maudiestallone@gmail.com', NULL)
    ,(221, 'Lexie Ralston ', 'lexieralston@gmail.com', NULL)
    ,(222, 'Sophia Sinegal ', 'sophiasinegal@gmail.com', NULL)
    ,(223, 'Caren Creek ', 'carencreek@gmail.com', NULL)
    ,(224, 'Nicholas Gendreau ', 'nicholasgendreau@gmail.com', NULL)
    ,(225, 'Torri Sumrall ', 'torrisumrall@gmail.com', NULL)
    ,(226, 'Georgie Ratliff ', 'georgieratliff@gmail.com', NULL)
    ,(227, 'Leola Goosby ', 'leolagoosby@gmail.com', NULL)
    ,(228, 'Priscilla Ennis ', 'priscillaennis@gmail.com', NULL)
    ,(229, 'Tyson Ryman ', 'tysonryman@gmail.com', NULL)
    ,(230, 'Hope Hathorn ', 'hopehathorn@gmail.com', NULL)
    ,(231, 'Adriana Mendieta ', 'adrianamendieta@gmail.com', NULL)
    ,(232, 'Chas Cowen ', 'chascowen@gmail.com', NULL)
    ,(233, 'Chester Labadie ', 'chesterlabadie@gmail.com', NULL)
    ,(234, 'Hugo Rainer ', 'hugorainer@gmail.com', NULL)
    ,(235, 'Carlita Providence ', 'carlitaprovidence@gmail.com', NULL)
    ,(236, 'Gracie Shomo ', 'gracieshomo@gmail.com', NULL)
    ,(237, 'Kandice Olea ', 'kandiceolea@gmail.com', NULL)
    ,(238, 'Aliza Anker ', 'alizaanker@gmail.com', NULL)
    ,(239, 'Joana Gohr ', 'joanagohr@gmail.com', NULL)
    ,(240, 'Gayle Borden ', 'gayleborden@gmail.com', NULL)
    ,(241, 'Vita Phillip ', 'vitaphillip@gmail.com', NULL)
    ,(242, 'Dacia Rotondo ', 'daciarotondo@gmail.com', NULL)
    ,(243, 'Beatris Epping ', 'beatrisepping@gmail.com', NULL)
    ,(244, 'Giovanni Axley ', 'giovanniaxley@gmail.com', NULL)
    ,(245, 'Dayle Depew ', 'dayledepew@gmail.com', NULL)
    ,(246, 'Josue Kight ', 'josuekight@gmail.com', NULL)
    ,(247, 'Fidela Haar ', 'fidelahaar@gmail.com', NULL)
    ,(248, 'Marlon Hardison ', 'marlonhardison@gmail.com', NULL)
    ,(249, 'Rufus Toothaker ', 'rufustoothaker@gmail.com', NULL)
    ,(250, 'Jae Lappin ', 'jaelappin@gmail.com', NULL)
    ,(251, 'Angella Killeen ', 'angellakilleen@gmail.com', NULL)
    ,(252, 'Ninfa Grindle ', 'ninfagrindle@gmail.com', NULL)
    ,(253, 'Melda Dansereau ', 'meldadansereau@gmail.com', NULL)
    ,(254, 'Cheryl Dubose ', 'cheryldubose@gmail.com', NULL)
    ,(255, 'Nadia Antonelli ', 'nadiaantonelli@gmail.com', NULL)
    ,(256, 'Julian Fester ', 'julianfester@gmail.com', NULL)
    ,(257, 'Dian Jarrett ', 'dianjarrett@gmail.com', NULL)
    ,(258, 'Daphine Rhein ', 'daphinerhein@gmail.com', NULL)
    ,(259, 'Nolan Vanatta ', 'nolanvanatta@gmail.com', NULL)
    ,(260, 'Roseanna Milburn ', 'roseannamilburn@gmail.com', NULL)
    ,(261, 'Gilma Pursell ', 'gilmapursell@gmail.com', NULL)
    ,(262, 'Monte Mayville ', 'montemayville@gmail.com', NULL)
    ,(263, 'Kelle Kilduff ', 'kellekilduff@gmail.com', NULL)
    ,(264, 'America Zacharias ', 'americazacharias@gmail.com', NULL)
    ,(265, 'Britt Numbers ', 'brittnumbers@gmail.com', NULL)
    ,(266, 'Willa Michael ', 'willamichael@gmail.com', NULL)
    ,(267, 'Alyce Sinegal ', 'alycesinegal@gmail.com', NULL)
    ,(268, 'Rebbecca Mcwilliam ', 'rebbeccamcwilliam@gmail.com', NULL)
    ,(269, 'Sumiko Prevo ', 'sumikoprevo@gmail.com', NULL)
    ,(270, 'Willia Frase ', 'williafrase@gmail.com', NULL)
    ,(271, 'Gianna Cadena ', 'giannacadena@gmail.com', NULL)
    ,(272, 'Alvina Schild ', 'alvinaschild@gmail.com', NULL)
    ,(273, 'Doug Gehl ', 'douggehl@gmail.com', NULL)
    ,(274, 'Hedwig Kluck ', 'hedwigkluck@gmail.com', NULL)
    ,(275, 'Beulah Downs ', 'beulahdowns@gmail.com', NULL)
    ,(276, 'Cassy Mitchem ', 'cassymitchem@gmail.com', NULL)
    ,(277, 'Suk Spadafora ', 'sukspadafora@gmail.com', NULL)
    ,(278, 'Daniell Seigel ', 'daniellseigel@gmail.com', NULL)
    ,(279, 'Annita Wendel ', 'annitawendel@gmail.com', NULL)
    ,(280, 'Odilia Martino ', 'odiliamartino@gmail.com', NULL)
    ,(281, 'Dania Kroeger ', 'daniakroeger@gmail.com', NULL)
    ,(282, 'Darren Mitchener ', 'darrenmitchener@gmail.com', NULL)
    ,(283, 'Jacquelyn Brice ', 'jacquelynbrice@gmail.com', NULL)
    ,(284, 'Robena Kollman ', 'robenakollman@gmail.com', NULL)
    ,(285, 'Providencia Hedgpeth ', 'providenciahedgpeth@gmail.com', NULL)
    ,(286, 'Kyong Senior ', 'kyongsenior@gmail.com', NULL)
    ,(287, 'Rona Marek ', 'ronamarek@gmail.com', NULL)
    ,(288, 'Clifford Lefever ', 'cliffordlefever@gmail.com', NULL)
    ,(289, 'Billy Cambra ', 'billycambra@gmail.com', NULL)
    ,(290, 'Sana Mooneyham ', 'sanamooneyham@gmail.com', NULL)
    ,(291, 'Branda Calero ', 'brandacalero@gmail.com', NULL)
    ,(292, 'Raylene Hersey ', 'raylenehersey@gmail.com', NULL)
    ,(293, 'Karisa Waites ', 'karisawaites@gmail.com', NULL)
    ,(294, 'Betty Huston ', 'bettyhuston@gmail.com', NULL)
    ,(295, 'Dell Minder ', 'dellminder@gmail.com', NULL)
    ,(296, 'Clara Fulp ', 'clarafulp@gmail.com', NULL)
    ,(297, 'Treena Presti ', 'treenapresti@gmail.com', NULL)
    ,(298, 'Nilsa Lamberton ', 'nilsalamberton@gmail.com', NULL)
    ,(299, 'Camille Grippo ', 'camillegrippo@gmail.com', NULL)
    ,(300, 'Renetta Westlund ', 'renettawestlund@gmail.com', NULL)
    ,(301, 'Ines Samples ', 'inessamples@gmail.com', NULL)
    ,(302, 'Stevie Greenfield ', 'steviegreenfield@gmail.com', NULL)
    ,(303, 'Emiko Racca ', 'emikoracca@gmail.com', NULL)
    ,(304, 'Lachelle Brogdon ', 'lachellebrogdon@gmail.com', NULL)
    ,(305, 'Nora Triplett ', 'noratriplett@gmail.com', NULL)
    ,(306, 'Yuki Helmuth ', 'yukihelmuth@gmail.com', NULL)
    ,(307, 'Krista Shellhammer ', 'kristashellhammer@gmail.com', NULL)
    ,(308, 'Dennise Weise ', 'denniseweise@gmail.com', NULL)
    ,(309, 'Spencer Lichtman ', 'spencerlichtman@gmail.com', NULL)
    ,(310, 'Deon Vivian ', 'deonvivian@gmail.com', NULL)
    ,(311, 'Lovie Riedel ', 'lovieriedel@gmail.com', NULL)
    ,(312, 'Ingrid Spagnola ', 'ingridspagnola@gmail.com', NULL)
    ,(313, 'Hiroko Latson ', 'hirokolatson@gmail.com', NULL)
    ,(314, 'Shonna Prejean ', 'shonnaprejean@gmail.com', NULL)
    ,(315, 'Demetrice Ambrosino ', 'demetriceambrosino@gmail.com', NULL)
    ,(316, 'Alyssa Halperin ', 'alyssahalperin@gmail.com', NULL)
    ,(317, 'Johnna Mushrush ', 'johnnamushrush@gmail.com', NULL)
    ,(318, 'Jeannine Beckert ', 'jeanninebeckert@gmail.com', NULL)
    ,(319, 'Matt Downard ', 'mattdownard@gmail.com', NULL)
    ,(320, 'Selina Valdovinos ', 'selinavaldovinos@gmail.com', NULL)
    ,(321, 'Faith Etherton ', 'faithetherton@gmail.com', NULL)
    ,(322, 'Genevive Locher ', 'genevivelocher@gmail.com', NULL)
    ,(323, 'Walton Grissett ', 'waltongrissett@gmail.com', NULL)
    ,(324, 'Sarai Lagasse ', 'sarailagasse@gmail.com', NULL)
    ,(325, 'Santiago Depew ', 'santiagodepew@gmail.com', NULL)
    ,(326, 'Norman Steeves ', 'normansteeves@gmail.com', NULL)
    ,(327, 'Jani Youngs ', 'janiyoungs@gmail.com', NULL)
    ,(328, 'Rossie Ingwersen ', 'rossieingwersen@gmail.com', NULL)
    ,(329, 'Quiana Strobl ', 'quianastrobl@gmail.com', NULL)
    ,(330, 'Catrina Okamura ', 'catrinaokamura@gmail.com', NULL)
    ,(331, 'Racheal Mix ', 'rachealmix@gmail.com', NULL)
    ,(332, 'Celine Laird ', 'celinelaird@gmail.com', NULL)
    ,(333, 'Belva Patnaude ', 'belvapatnaude@gmail.com', NULL)
    ,(334, 'Janna Hugo ', 'jannahugo@gmail.com', NULL)
    ,(335, 'Jermaine Kostka ', 'jermainekostka@gmail.com', NULL)
    ,(336, 'Pablo Litt ', 'pablolitt@gmail.com', NULL)
    ,(337, 'Keeley Tignor ', 'keeleytignor@gmail.com', NULL)
    ,(338, 'Leora Mclauchlin ', 'leoramclauchlin@gmail.com', NULL)
    ,(339, 'Darleen Schlager ', 'darleenschlager@gmail.com', NULL)
    ,(340, 'Ashely Ober ', 'ashelyober@gmail.com', NULL)
    ,(341, 'Judith Gile ', 'judithgile@gmail.com', NULL)
    ,(342, 'Rebecca Daum ', 'rebeccadaum@gmail.com', NULL)
    ,(343, 'Shaunte Parras ', 'shaunteparras@gmail.com', NULL)
    ,(344, 'Ted Flor ', 'tedflor@gmail.com', NULL)
    ,(345, 'Jovan Nickson ', 'jovannickson@gmail.com', NULL)
    ,(346, 'Adolph Schupp ', 'adolphschupp@gmail.com', NULL)
    ,(347, 'Arlene Martindale ', 'arlenemartindale@gmail.com', NULL)
    ,(348, 'Venessa Hudon ', 'venessahudon@gmail.com', NULL)
    ,(349, 'Mariella Rottman ', 'mariellarottman@gmail.com', NULL)
    ,(350, 'Thomas Brien ', 'thomasbrien@gmail.com', NULL)
    ,(351, 'Sherri Barrera ', 'sherribarrera@gmail.com', NULL)
    ,(352, 'Carrol Counce ', 'carrolcounce@gmail.com', NULL)
    ,(353, 'Jackeline Daughtridge ', 'jackelinedaughtridge@gmail.com', NULL)
    ,(354, 'Victorina Farfan ', 'victorinafarfan@gmail.com', NULL)
    ,(355, 'Reginald Preuss ', 'reginaldpreuss@gmail.com', NULL)
    ,(356, 'Alejandra Echevarria ', 'alejandraechevarria@gmail.com', NULL)
    ,(357, 'Jerry Hubbs ', 'jerryhubbs@gmail.com', NULL)
    ,(358, 'Terrance Wilton ', 'terrancewilton@gmail.com', NULL)
    ,(359, 'Ciara Randolph ', 'ciararandolph@gmail.com', NULL)
    ,(360, 'Trinidad Averill ', 'trinidadaverill@gmail.com', NULL)
    ,(361, 'Melodi Witherington ', 'melodiwitherington@gmail.com', NULL)
    ,(362, 'Karri Gerhart ', 'karrigerhart@gmail.com', NULL)
    ,(363, 'Margarita Peterson ', 'margaritapeterson@gmail.com', NULL)
    ,(364, 'Mauricio Rusch ', 'mauriciorusch@gmail.com', NULL)
    ,(365, 'Andra Greb ', 'andragreb@gmail.com', NULL)
    ,(366, 'Pamula Blades ', 'pamulablades@gmail.com', NULL)
    ,(367, 'Jenna Kroner ', 'jennakroner@gmail.com', NULL)
    ,(368, 'Melania Romig ', 'melaniaromig@gmail.com', NULL)
    ,(369, 'Cassey Bezio ', 'casseybezio@gmail.com', NULL)
    ,(370, 'Carlos Pflug ', 'carlospflug@gmail.com', NULL)
    ,(371, 'Kacie Gulbranson ', 'kaciegulbranson@gmail.com', NULL)
    ,(372, 'Cathrine Ibrahim ', 'cathrineibrahim@gmail.com', NULL)
    ,(373, 'Emily Bashir ', 'emilybashir@gmail.com', NULL)
    ,(374, 'Lorraine Landers ', 'lorrainelanders@gmail.com', NULL)
    ,(375, 'Divina Straus ', 'divinastraus@gmail.com', NULL)
    ,(376, 'Lauran Gagliardo ', 'laurangagliardo@gmail.com', NULL)
    ,(377, 'Bev Jiron ', 'bevjiron@gmail.com', NULL)
    ,(378, 'Almeta Sipe ', 'almetasipe@gmail.com', NULL)
    ,(379, 'Sherry Learned ', 'sherrylearned@gmail.com', NULL)
    ,(380, 'Mckinley Bracamonte ', 'mckinleybracamonte@gmail.com', NULL)
    ,(381, 'Ricki Duhon ', 'rickiduhon@gmail.com', NULL)
    ,(382, 'Jewell Darbonne ', 'jewelldarbonne@gmail.com', NULL)
    ,(383, 'Mabelle Verdin ', 'mabelleverdin@gmail.com', NULL)
    ,(384, 'Georgina Ordway ', 'georginaordway@gmail.com', NULL)
    ,(385, 'Cherie Delima ', 'cheriedelima@gmail.com', NULL)
    ,(386, 'Merlin Tillinghast ', 'merlintillinghast@gmail.com', NULL)
    ,(387, 'Gala Danziger ', 'galadanziger@gmail.com', NULL)
    ,(388, 'Barrett Pedro ', 'barrettpedro@gmail.com', NULL)
    ,(389, 'Dexter Liner ', 'dexterliner@gmail.com', NULL)
    ,(390, 'Teresia Boor ', 'teresiaboor@gmail.com', NULL)
    ,(391, 'Stefani Saxon ', 'stefanisaxon@gmail.com', NULL)
    ,(392, 'Regina Gramlich ', 'reginagramlich@gmail.com', NULL)
    ,(393, 'Elodia Llanos ', 'elodiallanos@gmail.com', NULL)
    ,(394, 'Arleen Searles ', 'arleensearles@gmail.com', NULL)
    ,(395, 'Jc Kier ', 'jckier@gmail.com', NULL)
    ,(396, 'Alyse Chalfant ', 'alysechalfant@gmail.com', NULL)
    ,(397, 'Bambi Geibel ', 'bambigeibel@gmail.com', NULL)
    ,(398, 'Evita Buechner ', 'evitabuechner@gmail.com', NULL)
    ,(399, 'Maribel Zayas ', 'maribelzayas@gmail.com', NULL)
    ,(400, 'Clinton Carter ', 'clintoncarter@gmail.com', NULL)
    ,(401, 'Arlyne Plewa ', 'arlyneplewa@gmail.com', NULL)
    ,(402, 'Chong Fobbs ', 'chongfobbs@gmail.com', NULL)
    ,(403, 'Raguel Banas ', 'raguelbanas@gmail.com', NULL)
    ,(404, 'Sherwood Losey ', 'sherwoodlosey@gmail.com', NULL)
    ,(405, 'Kiley Hambrick ', 'kileyhambrick@gmail.com', NULL)
    ,(406, 'Astrid Cantrell ', 'astridcantrell@gmail.com', NULL)
    ,(407, 'Taisha Merriam ', 'taishamerriam@gmail.com', NULL)
    ,(408, 'Lakeshia Nasser ', 'lakeshianasser@gmail.com', NULL)
    ,(409, 'Kecia Pavone ', 'keciapavone@gmail.com', NULL)
    ,(410, 'Lourdes Mcarthur ', 'lourdesmcarthur@gmail.com', NULL)
    ,(411, 'Gussie Hogge ', 'gussiehogge@gmail.com', NULL)
    ,(412, 'Rosalva Harstad ', 'rosalvaharstad@gmail.com', NULL)
    ,(413, 'Maya Dively ', 'mayadively@gmail.com', NULL)
    ,(414, 'Christine Heer ', 'christineheer@gmail.com', NULL)
    ,(415, 'Li Riggan ', 'liriggan@gmail.com', NULL)
    ,(416, 'Yen Maniscalco ', 'yenmaniscalco@gmail.com', NULL)
    ,(417, 'Miguelina Rapozo ', 'miguelinarapozo@gmail.com', NULL)
    ,(418, 'Tiffiny Kiernan ', 'tiffinykiernan@gmail.com', NULL)
    ,(419, 'Alisha Carrillo ', 'alishacarrillo@gmail.com', NULL)
    ,(420, 'Charlena Schroth ', 'charlenaschroth@gmail.com', NULL)
    ,(421, 'Raelene Natera ', 'raelenenatera@gmail.com', NULL)
    ,(422, 'Imogene Geisel ', 'imogenegeisel@gmail.com', NULL)
    ,(423, 'Beau Pavao ', 'beaupavao@gmail.com', NULL)
    ,(424, 'Sunday Carwile ', 'sundaycarwile@gmail.com', NULL)
    ,(425, 'Jimmy Brandt ', 'jimmybrandt@gmail.com', NULL)
    ,(426, 'Althea Blessing ', 'altheablessing@gmail.com', NULL)
    ,(427, 'Dennise Magoon ', 'dennisemagoon@gmail.com', NULL)
    ,(428, 'Min Alberico ', 'minalberico@gmail.com', NULL)
    ,(429, 'Lorean Mckeown ', 'loreanmckeown@gmail.com', NULL)
    ,(430, 'Jackelyn Frausto ', 'jackelynfrausto@gmail.com', NULL)
    ,(431, 'Ellyn Whitting ', 'ellynwhitting@gmail.com', NULL)
    ,(432, 'Celestine Peasley ', 'celestinepeasley@gmail.com', NULL)
    ,(433, 'Bao Croley ', 'baocroley@gmail.com', NULL)
    ,(434, 'Wm Stratton ', 'wmstratton@gmail.com', NULL)
    ,(435, 'Dalton Hoppes ', 'daltonhoppes@gmail.com', NULL)
    ,(436, 'Johnson Marsh ', 'johnsonmarsh@gmail.com', NULL)
    ,(437, 'Delinda Beardsley ', 'delindabeardsley@gmail.com', NULL)
    ,(438, 'Eleonora Gruber ', 'eleonoragruber@gmail.com', NULL)
    ,(439, 'Chan Dale ', 'chandale@gmail.com', NULL)
    ,(440, 'Phyllis Resler ', 'phyllisresler@gmail.com', NULL)
    ,(441, 'Alleen Tourville ', 'alleentourville@gmail.com', NULL)
    ,(442, 'Glynis Catalan ', 'glyniscatalan@gmail.com', NULL)
    ,(443, 'Felisha Bertsch ', 'felishabertsch@gmail.com', NULL)
    ,(444, 'Tynisha Claunch ', 'tynishaclaunch@gmail.com', NULL)
    ,(445, 'Christi Wiebe ', 'christiwiebe@gmail.com', NULL)
    ,(446, 'Randall Coplin ', 'randallcoplin@gmail.com', NULL)
    ,(447, 'Marquita Ebarb ', 'marquitaebarb@gmail.com', NULL)
    ,(448, 'Antwan Natoli ', 'antwannatoli@gmail.com', NULL)
    ,(449, 'Clorinda Kell ', 'clorindakell@gmail.com', NULL)
    ,(450, 'Elin Podesta ', 'elinpodesta@gmail.com', NULL)
    ,(451, 'Era Coaxum ', 'eracoaxum@gmail.com', NULL)
    ,(452, 'Hong Duff ', 'hongduff@gmail.com', NULL)
    ,(453, 'Raguel Rux ', 'raguelrux@gmail.com', NULL)
    ,(454, 'Rochelle Derrick ', 'rochellederrick@gmail.com', NULL)
    ,(455, 'Olene Judd ', 'olenejudd@gmail.com', NULL)
    ,(456, 'Jocelyn Fesler ', 'jocelynfesler@gmail.com', NULL)
    ,(457, 'Nelly Hazelton ', 'nellyhazelton@gmail.com', NULL)
    ,(458, 'Marilou Moll ', 'mariloumoll@gmail.com', NULL)
    ,(459, 'Alida Lazenby ', 'alidalazenby@gmail.com', NULL)
    ,(460, 'Lizette Caraveo ', 'lizettecaraveo@gmail.com', NULL)
    ,(461, 'Barrie Middlebrooks ', 'barriemiddlebrooks@gmail.com', NULL)
    ,(462, 'Cordia Barretta ', 'cordiabarretta@gmail.com', NULL)
    ,(463, 'Pei Bogen ', 'peibogen@gmail.com', NULL)
    ,(464, 'Elvin Loo ', 'elvinloo@gmail.com', NULL)
    ,(465, 'Elanor Snedden ', 'elanorsnedden@gmail.com', NULL)
    ,(466, 'Reynaldo Sibrian ', 'reynaldosibrian@gmail.com', NULL)
    ,(467, 'Sharan Wycoff ', 'sharanwycoff@gmail.com', NULL)
    ,(468, 'Everette Kai ', 'everettekai@gmail.com', NULL)
    ,(469, 'Lauran Reames ', 'lauranreames@gmail.com', NULL)
    ,(470, 'Sixta Harry ', 'sixtaharry@gmail.com', NULL)
    ,(471, 'Thuy Corlett ', 'thuycorlett@gmail.com', NULL)
    ,(472, 'Trinidad Warfield ', 'trinidadwarfield@gmail.com', NULL)
    ,(473, 'Jesusita Malm ', 'jesusitamalm@gmail.com', NULL)
    ,(474, 'Euna Mcafee ', 'eunamcafee@gmail.com', NULL)
    ,(475, 'Sabra Armagost ', 'sabraarmagost@gmail.com', NULL)
    ,(476, 'Grisel Mcintosh ', 'griselmcintosh@gmail.com', NULL)
    ,(477, 'Nell Manuelito ', 'nellmanuelito@gmail.com', NULL)
    ,(478, 'Dorris Eilers ', 'dorriseilers@gmail.com', NULL)
    ,(479, 'Reinaldo Aylward ', 'reinaldoaylward@gmail.com', NULL)
    ,(480, 'Mica Pedroza ', 'micapedroza@gmail.com', NULL)
    ,(481, 'Vanita Simoes ', 'vanitasimoes@gmail.com', NULL)
    ,(482, 'Clotilde Crawford ', 'clotildecrawford@gmail.com', NULL)
    ,(483, 'Brandee Kalman ', 'brandeekalman@gmail.com', NULL)
    ,(484, 'Shantae Kennemer ', 'shantaekennemer@gmail.com', NULL)
    ,(485, 'Shara Armistead ', 'sharaarmistead@gmail.com', NULL)
    ,(486, 'Easter Dane ', 'easterdane@gmail.com', NULL)
    ,(487, 'Kirk Knight ', 'kirkknight@gmail.com', NULL)
    ,(488, 'Alona Hasting ', 'alonahasting@gmail.com', NULL)
    ,(489, 'Lona Cleary ', 'lonacleary@gmail.com', NULL)
    ,(490, 'Clark Cashion ', 'clarkcashion@gmail.com', NULL)
    ,(491, 'Joel Karney ', 'joelkarney@gmail.com', NULL)
    ,(492, 'Anika Romo ', 'anikaromo@gmail.com', NULL)
    ,(493, 'Lory Blom ', 'loryblom@gmail.com', NULL)
    ,(494, 'Gianna Acklin ', 'giannaacklin@gmail.com', NULL)
    ,(495, 'Joana Schomer ', 'joanaschomer@gmail.com', NULL)
    ,(496, 'Fernanda Holben ', 'fernandaholben@gmail.com', NULL)
    ,(497, 'Mickie Drown ', 'mickiedrown@gmail.com', NULL)
    ,(498, 'Zachary Roberti ', 'zacharyroberti@gmail.com', NULL)
    ,(499, 'Miyoko Izzo ', 'miyokoizzo@gmail.com', NULL)
    ,(500, 'Guillermo Belding ', 'guillermobelding@gmail.com', NULL)
    ,(501, 'Britt Dineen ', 'brittdineen@gmail.com', NULL)
    ,(502, 'Dawne Ranney ', 'dawneranney@gmail.com', NULL)
    ,(503, 'Almeda Beauford ', 'almedabeauford@gmail.com', NULL)
    ,(504, 'Altagracia Fucci ', 'altagraciafucci@gmail.com', NULL)
    ,(505, 'Zina Manzella ', 'zinamanzella@gmail.com', NULL)
    ,(506, 'Danny Romanik ', 'dannyromanik@gmail.com', NULL)
    ,(507, 'Apolonia Luthy ', 'apolonialuthy@gmail.com', NULL)
    ,(508, 'Danika Abee ', 'danikaabee@gmail.com', NULL)
    ,(509, 'Summer Dinwiddie ', 'summerdinwiddie@gmail.com', NULL)
    ,(510, 'Luanne Downing ', 'luannedowning@gmail.com', NULL)
    ,(511, 'Olga Wirt ', 'olgawirt@gmail.com', NULL)
    ,(512, 'Trena Prow ', 'trenaprow@gmail.com', NULL)
    ,(513, 'Veronica League ', 'veronicaleague@gmail.com', NULL)
    ,(514, 'Lona Wasmund ', 'lonawasmund@gmail.com', NULL)
    ,(515, 'Melodie Faith ', 'melodiefaith@gmail.com', NULL)
    ,(516, 'Dorothy Villafane ', 'dorothyvillafane@gmail.com', NULL)
    ,(517, 'Catina Orduna ', 'catinaorduna@gmail.com', NULL)
    ,(518, 'Wally Zurita ', 'wallyzurita@gmail.com', NULL)
    ,(519, 'Sheryl Mcvay ', 'sherylmcvay@gmail.com', NULL)
    ,(520, 'Loren Garand ', 'lorengarand@gmail.com', NULL)
    ,(521, 'Percy Gover ', 'percygover@gmail.com', NULL)
    ,(522, 'Gerald Eifert ', 'geraldeifert@gmail.com', NULL)
    ,(523, 'Bonzi Buddy', 'bonzibuddy@email.com', NULL)
    ,(524, 'Rover The Dog', 'roverthedog@email.com', NULL)
    ,(525, 'Harlen Atkins', 'harlenatkins@email.com2', NULL)
    ,(526, 'Rumaysa Estrada', 'rumaysaestrada@email.com2', NULL)
    ,(527, 'Linda Mclellan', 'lindamclellan@email.com3', NULL)
    ,(528, 'Idris Parker', 'idrisparker@email.com3', NULL)
    ,(529, 'Dylon Mccall', 'dylonmccall@email.com', NULL)
    ,(530, 'Jamal Lynch', 'jamallynch@email.com', NULL)
    ,(531, 'Mara Lowery', 'maralowery@email.com', NULL)
    ,(532, 'Cayson Howells', 'caysonhowells@email.com', NULL)
    ,(533, 'Aurelia Forbes', 'aureliaforbes@email.com', NULL)
    ,(534, 'Rabia Mckenna', 'rabiamckenna@email.com', NULL)
    ,(535, 'Tommy Stubbs', 'tommystubbs@email.com', NULL)
    ,(536, 'Gilbert Clemons', 'gilbertclemons@email.com', NULL)
    ,(537, 'Enya Abbott', 'enyaabbott@email.com', NULL)
    ,(538, 'Cathal Carpenter', 'cathalcarpenter@email.com', NULL)
    ,(539, 'Lillie Olsen', 'lillieolsen@email.com', NULL)
    ,(540, 'Luciano Henry', 'lucianohenry@email.com', NULL)
    ,(541, 'Elize Newman', 'elizenewman@email.com', NULL)
    ,(542, 'Justin Townsend', 'justintownsend@email.com', NULL)
    ,(543, 'Whitney Tierney', 'whitneytierney@email.com', NULL)
    ,(544, 'Danica Dotson', 'danicadotson@email.com', NULL)
    ,(545, 'Bentley Downes', 'bentleydownes@email.com', NULL)
    ,(546, 'Fahim Sullivan', 'fahimsullivan@email.com', NULL)
    ,(547, 'Asha Bentley', 'ashabentley@email.com', NULL)
    ,(548, 'Nadeem Senior', 'nadeemsenior@email.com', NULL)
    ,(549, 'Isla-Mae Mcghee', 'isla-maemcghee@email.com', NULL)
    ,(550, 'Dora Frank', 'dorafrank@email.com', NULL)
    ,(551, 'Ayden Ferreira', 'aydenferreira@email.com', NULL)
    ,(552, 'Dante Dunne', 'dantedunne@email.com', NULL)
    ,(553, 'Emanuel Cassidy', 'emanuelcassidy@email.com', NULL)
    ,(554, 'Mea Mcintyre', 'meamcintyre@email.com', NULL)
    ,(555, 'Wilbur Phelps', 'wilburphelps@email.com', NULL)
    ,(556, 'Samiha Frederick', 'samihafrederick@email.com', NULL)
    ,(557, 'Kabir Bloggs', 'kabirbloggs@email.com', NULL)
    ,(558, 'Paige Patton', 'paigepatton@email.com', NULL)
    ,(559, 'Priya Knight', 'priyaknight@email.com', NULL)
    ,(560, 'Melody Bailey', 'melodybailey@email.com', NULL)
    ,(561, 'Ravi West', 'raviwest@email.com', NULL)
    ,(562, 'Declan Hampton', 'declanhampton@email.com', NULL)
    ,(563, 'Amy-Leigh Woodley', 'Amy-leighwoodley@email.com', NULL)
    ,(564, 'Maegan Blackwell', 'maeganblackwell@email.com', NULL)
    ,(565, 'Lianne Wilks', 'liannewilks@email.com', NULL)
    ,(566, 'Ibrar Maynard', 'ibrarmaynard@email.com', NULL)
    ,(567, 'Jayde Morales', 'jaydemorales@email.com', NULL)
    ,(568, 'Madihah Benjamin', 'madihahbenjamin@email.com', NULL)
    ,(569, 'Farrell Yates', 'farrellyates@email.com', NULL)
    ,(570, 'Yousef Ewing', 'yousefewing@email.com', NULL)
    ,(571, 'Arabella Camacho', 'arabellacamacho@email.com', NULL)
    ,(572, 'Izzy Keenan', 'izzykeenan@email.com', NULL)
    ,(573, 'Korben Solis', 'korbensolis@email.com', NULL)
    ,(574, 'Viola Ventura', 'violaventura@email.com', NULL)
    ,(575, 'Adam Driscoll', 'adamdriscoll@email.com', NULL)
    ,(576, 'Judy Goddard', 'judygoddard@email.com', NULL)
    ,(577, 'Larissa Porter', 'larissaporter@email.com', NULL)
    ,(578, 'Ronnie Petty', 'ronniepetty@email.com', NULL)
    ,(579, 'Dianne Day', 'dianneday@email.com', NULL)
    ,(580, 'Star Ingram', 'staringram@email.com', NULL)
    ,(581, 'Ceara Jensen', 'cearajensen@email.com', NULL)
    ,(582, 'Bobby Beaumont', 'bobbybeaumont@email.com', NULL)
    ,(583, 'Rea Chan', 'reachan@email.com', NULL)
    ,(584, 'Helena Cooley', 'helenacooley@email.com', NULL)
    ,(585, 'Ayush Torres', 'ayushtorres@email.com', NULL)
    ,(586, 'Audrey Peel', 'audreypeel@email.com', NULL)
    ,(587, 'Macy Roman', 'macyroman@email.com', NULL)
    ,(588, 'Leja Talbot', 'lejatalbot@email.com', NULL)
    ,(589, 'Devonte Wicks', 'devontewicks@email.com', NULL)
    ,(590, 'Shereen Miles', 'shereenmiles@email.com', NULL)
    ,(591, 'Anika Lake', 'anikalake@email.com', NULL)
    ,(592, 'Shabaz Emerson', 'shabazemerson@email.com', NULL)
    ,(593, 'Amelia-Rose Curtis', 'amelia-rosecurtis@email.com', NULL)
    ,(594, 'Brady Becker', 'bradybecker@email.com', NULL)
    ,(595, 'Lily-Anne Macdonald', 'lily-annemacdonald@email.com', NULL)
    ,(596, 'Philip Fuller', 'philipfuller@email.com', NULL)
    ,(597, 'Harleigh Sims', 'harleighsims@email.com', NULL)
    ,(598, 'Tashan Lowry', 'tashanlowry@email.com', NULL)
    ,(599, 'Jaylen Wormald', 'jaylenwormald@email.com', NULL)
    ,(600, 'Hawwa Huffman', 'hawwahuffman@email.com', NULL)
    ,(601, 'Luciana Coleman', 'lucianacoleman@email.com', NULL)
    ,(602, 'Sarina Cowan', 'sarinacowan@email.com', NULL)
    ,(603, 'Charles Hendricks', 'charleshendricks@email.com', NULL)
    ,(604, 'Wallace Whittle', 'wallacewhittle@email.com', NULL)
    ,(605, 'Ashlee Powell', 'ashleepowell@email.com', NULL)
    ,(606, 'Leigha Poole', 'leighapoole@email.com', NULL)
    ,(607, 'Nikodem Goodwin', 'nikodemgoodwin@email.com', NULL)
    ,(608, 'Jordi Trujillo', 'jorditrujillo@email.com', NULL)
    ,(609, 'Connie Marshall', 'conniemarshall@email.com', NULL)
    ,(610, 'Suhail Dixon', 'suhaildixon@email.com', NULL)
    ,(611, 'Aj Wynn', 'ajwynn@email.com', NULL)
    ,(612, 'Abdur-Rahman Lin', 'Abdur-rahmanlin@email.com', NULL)
    ,(613, 'Bethan O''Quinn', 'quinnemail.com', NULL)
    ,(614, 'Denny Johns', 'dennyjohns@email.com', NULL)
    ,(615, 'Zahra Mansell', 'zahramansell@email.com', NULL)
    ,(616, 'Sanaya Sheridan', 'sanayasheridan@email.com', NULL)
    ,(617, 'Neive Golden', 'neivegolden@email.com', NULL)
    ,(618, 'Alana Whyte', 'alanawhyte@email.com', NULL)
    ,(619, 'Kwame Neville', 'kwameneville@email.com', NULL)
    ,(620, 'Lexi Perry', 'lexiperry@email.com', NULL)
    ,(621, 'Jibril Clay', 'jibrilclay@email.com', NULL)
    ,(622, 'Gia Edmonds', 'giaedmonds@email.com', NULL)
    ,(623, 'Emily Kennedy', 'emilykennedy@email.com', NULL)
    ,(624, 'Hendrix Brady', 'hendrixbrady@email.com', NULL)
    ,(625, 'Farzana Figueroa', 'farzanafigueroa@email.com', NULL)
    ,(626, 'Lia Riggs', 'liariggs@email.com', NULL)
    ,(627, 'Lyle Fernandez', 'lylefernandez@email.com', NULL)
    ,(628, 'Khushi Bray', 'khushibray@email.com', NULL)
;


-- user_roles
INSERT INTO user_roles
    (user_role_id, user_id, cohort, role, created_at, updated_at, deleted_at)
VALUES
    (1, 1, '2020', 'adviser', '2020-06-10 04:59:43.526692+00', '2020-06-10 04:59:43.526692+00', NULL)
    ,(2, 2, '2020', 'adviser', '2020-06-10 04:59:43.526692+00', '2020-06-10 04:59:43.526692+00', NULL)
    ,(3, 3, '2020', 'adviser', '2020-06-10 04:59:43.526692+00', '2020-06-10 04:59:43.526692+00', NULL)
    ,(4, 4, '2020', 'adviser', '2020-06-10 04:59:43.526692+00', '2020-06-10 04:59:43.526692+00', NULL)
    ,(5, 5, '2020', 'adviser', '2020-06-10 04:59:43.526692+00', '2020-06-10 04:59:43.526692+00', NULL)
    ,(6, 6, '2020', 'adviser', '2020-06-10 04:59:43.526692+00', '2020-06-10 04:59:43.526692+00', NULL)
    ,(7, 7, '2020', 'adviser', '2020-06-10 04:59:43.526692+00', '2020-06-10 04:59:43.526692+00', NULL)
    ,(8, 8, '2020', 'adviser', '2020-06-10 04:59:43.526692+00', '2020-06-10 04:59:43.526692+00', NULL)
    ,(9, 9, '2020', 'adviser', '2020-06-10 04:59:43.526692+00', '2020-06-10 04:59:43.526692+00', NULL)
    ,(10, 10, '2020', 'adviser', '2020-06-10 04:59:43.526692+00', '2020-06-10 04:59:43.526692+00', NULL)
    ,(11, 11, '2020', 'mentor', '2020-06-10 04:59:43.526692+00', '2020-06-10 04:59:43.526692+00', NULL)
    ,(12, 12, '2020', 'mentor', '2020-06-10 04:59:43.526692+00', '2020-06-10 04:59:43.526692+00', NULL)
    ,(13, 13, '2020', 'mentor', '2020-06-10 04:59:43.526692+00', '2020-06-10 04:59:43.526692+00', NULL)
    ,(14, 14, '2020', 'mentor', '2020-06-10 04:59:43.526692+00', '2020-06-10 04:59:43.526692+00', NULL)
    ,(15, 15, '2020', 'mentor', '2020-06-10 04:59:43.526692+00', '2020-06-10 04:59:43.526692+00', NULL)
    ,(16, 16, '2020', 'applicant', '2020-06-10 04:59:43.526692+00', '2020-06-10 04:59:43.526692+00', NULL)
    ,(17, 17, '2020', 'applicant', '2020-06-10 04:59:43.526692+00', '2020-06-10 04:59:43.526692+00', NULL)
    ,(18, 16, '2020', 'student', '2020-06-10 04:59:43.526692+00', '2020-06-10 04:59:43.526692+00', NULL)
    ,(19, 17, '2020', 'student', '2020-06-10 04:59:43.526692+00', '2020-06-10 04:59:43.526692+00', NULL)
    ,(20, 18, '2020', 'applicant', '2020-06-10 04:59:43.526692+00', '2020-06-10 04:59:43.526692+00', NULL)
    ,(21, 19, '2020', 'applicant', '2020-06-10 04:59:43.526692+00', '2020-06-10 04:59:43.526692+00', NULL)
    ,(22, 18, '2020', 'student', '2020-06-10 04:59:43.526692+00', '2020-06-10 04:59:43.526692+00', NULL)
    ,(23, 19, '2020', 'student', '2020-06-10 04:59:43.526692+00', '2020-06-10 04:59:43.526692+00', NULL)
    ,(24, 20, '2020', 'applicant', '2020-06-10 04:59:43.526692+00', '2020-06-10 04:59:43.526692+00', NULL)
    ,(25, 21, '2020', 'applicant', '2020-06-10 04:59:43.526692+00', '2020-06-10 04:59:43.526692+00', NULL)
    ,(26, 20, '2020', 'student', '2020-06-10 04:59:43.526692+00', '2020-06-10 04:59:43.526692+00', NULL)
    ,(27, 21, '2020', 'student', '2020-06-10 04:59:43.526692+00', '2020-06-10 04:59:43.526692+00', NULL)
    ,(28, 22, '2020', 'applicant', '2020-06-10 04:59:43.526692+00', '2020-06-10 04:59:43.526692+00', NULL)
    ,(29, 23, '2020', 'applicant', '2020-06-10 04:59:43.526692+00', '2020-06-10 04:59:43.526692+00', NULL)
    ,(30, 22, '2020', 'student', '2020-06-10 04:59:43.526692+00', '2020-06-10 04:59:43.526692+00', NULL)
    ,(31, 23, '2020', 'student', '2020-06-10 04:59:43.526692+00', '2020-06-10 04:59:43.526692+00', NULL)
    ,(32, 24, '2020', 'applicant', '2020-06-10 04:59:43.526692+00', '2020-06-10 04:59:43.526692+00', NULL)
    ,(33, 25, '2020', 'applicant', '2020-06-10 04:59:43.526692+00', '2020-06-10 04:59:43.526692+00', NULL)
    ,(34, 24, '2020', 'student', '2020-06-10 04:59:43.526692+00', '2020-06-10 04:59:43.526692+00', NULL)
    ,(35, 25, '2020', 'student', '2020-06-10 04:59:43.526692+00', '2020-06-10 04:59:43.526692+00', NULL)
    ,(36, 26, '2020', 'applicant', '2020-06-10 04:59:43.526692+00', '2020-06-10 04:59:43.526692+00', NULL)
    ,(37, 27, '2020', 'applicant', '2020-06-10 04:59:43.526692+00', '2020-06-10 04:59:43.526692+00', NULL)
    ,(38, 26, '2020', 'student', '2020-06-10 04:59:43.526692+00', '2020-06-10 04:59:43.526692+00', NULL)
    ,(39, 27, '2020', 'student', '2020-06-10 04:59:43.526692+00', '2020-06-10 04:59:43.526692+00', NULL)
    ,(40, 28, '2020', 'applicant', '2020-06-10 04:59:43.526692+00', '2020-06-10 04:59:43.526692+00', NULL)
    ,(41, 29, '2020', 'applicant', '2020-06-10 04:59:43.526692+00', '2020-06-10 04:59:43.526692+00', NULL)
    ,(42, 28, '2020', 'student', '2020-06-10 04:59:43.526692+00', '2020-06-10 04:59:43.526692+00', NULL)
    ,(43, 29, '2020', 'student', '2020-06-10 04:59:43.526692+00', '2020-06-10 04:59:43.526692+00', NULL)
    ,(44, 30, '2020', 'applicant', '2020-06-10 04:59:43.526692+00', '2020-06-10 04:59:43.526692+00', NULL)
    ,(45, 31, '2020', 'applicant', '2020-06-10 04:59:43.526692+00', '2020-06-10 04:59:43.526692+00', NULL)
    ,(46, 30, '2020', 'student', '2020-06-10 04:59:43.526692+00', '2020-06-10 04:59:43.526692+00', NULL)
    ,(47, 31, '2020', 'student', '2020-06-10 04:59:43.526692+00', '2020-06-10 04:59:43.526692+00', NULL)
    ,(48, 32, '2020', 'applicant', '2020-06-10 04:59:43.526692+00', '2020-06-10 04:59:43.526692+00', NULL)
    ,(49, 33, '2020', 'applicant', '2020-06-10 04:59:43.526692+00', '2020-06-10 04:59:43.526692+00', NULL)
    ,(50, 32, '2020', 'student', '2020-06-10 04:59:43.526692+00', '2020-06-10 04:59:43.526692+00', NULL)
    ,(51, 33, '2020', 'student', '2020-06-10 04:59:43.526692+00', '2020-06-10 04:59:43.526692+00', NULL)
    ,(52, 34, '2020', 'applicant', '2020-06-10 04:59:43.526692+00', '2020-06-10 04:59:43.526692+00', NULL)
    ,(53, 35, '2020', 'applicant', '2020-06-10 04:59:43.526692+00', '2020-06-10 04:59:43.526692+00', NULL)
    ,(54, 34, '2020', 'student', '2020-06-10 04:59:43.526692+00', '2020-06-10 04:59:43.526692+00', NULL)
    ,(55, 35, '2020', 'student', '2020-06-10 04:59:43.526692+00', '2020-06-10 04:59:43.526692+00', NULL)
    ,(56, 36, '2020', 'applicant', '2020-06-10 04:59:43.526692+00', '2020-06-10 04:59:43.526692+00', NULL)
    ,(57, 37, '2020', 'applicant', '2020-06-10 04:59:43.526692+00', '2020-06-10 04:59:43.526692+00', NULL)
    ,(58, 36, '2020', 'student', '2020-06-10 04:59:43.526692+00', '2020-06-10 04:59:43.526692+00', NULL)
    ,(59, 37, '2020', 'student', '2020-06-10 04:59:43.526692+00', '2020-06-10 04:59:43.526692+00', NULL)
    ,(60, 38, '2020', 'applicant', '2020-06-10 04:59:43.526692+00', '2020-06-10 04:59:43.526692+00', NULL)
    ,(61, 39, '2020', 'applicant', '2020-06-10 04:59:43.526692+00', '2020-06-10 04:59:43.526692+00', NULL)
    ,(62, 38, '2020', 'student', '2020-06-10 04:59:43.526692+00', '2020-06-10 04:59:43.526692+00', NULL)
    ,(63, 39, '2020', 'student', '2020-06-10 04:59:43.526692+00', '2020-06-10 04:59:43.526692+00', NULL)
    ,(64, 40, '2020', 'applicant', '2020-06-10 04:59:43.526692+00', '2020-06-10 04:59:43.526692+00', NULL)
    ,(65, 41, '2020', 'applicant', '2020-06-10 04:59:43.526692+00', '2020-06-10 04:59:43.526692+00', NULL)
    ,(66, 42, '2020', 'applicant', '2020-06-10 04:59:43.526692+00', '2020-06-10 04:59:43.526692+00', NULL)
    ,(67, 43, '2020', 'applicant', '2020-06-10 04:59:43.627619+00', '2020-06-10 04:59:43.627619+00', NULL)
    ,(68, 44, '2020', 'applicant', '2020-06-10 04:59:43.627619+00', '2020-06-10 04:59:43.627619+00', NULL)
    ,(69, 45, '2020', 'applicant', '2020-06-10 04:59:43.627619+00', '2020-06-10 04:59:43.627619+00', NULL)
    ,(70, 46, '2020', 'applicant', '2020-06-10 04:59:43.627619+00', '2020-06-10 04:59:43.627619+00', NULL)
    ,(71, 47, '2020', 'applicant', '2020-06-10 04:59:43.627619+00', '2020-06-10 04:59:43.627619+00', NULL)
    ,(72, 48, '2020', 'applicant', '2020-06-10 04:59:43.627619+00', '2020-06-10 04:59:43.627619+00', NULL)
    ,(73, 49, '2020', 'applicant', '2020-06-10 04:59:43.627619+00', '2020-06-10 04:59:43.627619+00', NULL)
    ,(74, 50, '2020', 'applicant', '2020-06-10 04:59:43.627619+00', '2020-06-10 04:59:43.627619+00', NULL)
    ,(75, 51, '2020', 'applicant', '2020-06-10 04:59:43.627619+00', '2020-06-10 04:59:43.627619+00', NULL)
    ,(76, 52, '2020', 'applicant', '2020-06-10 04:59:43.627619+00', '2020-06-10 04:59:43.627619+00', NULL)
    ,(77, 53, '2020', 'applicant', '2020-06-10 04:59:43.627619+00', '2020-06-10 04:59:43.627619+00', NULL)
    ,(78, 54, '2020', 'applicant', '2020-06-10 04:59:43.627619+00', '2020-06-10 04:59:43.627619+00', NULL)
    ,(79, 55, '2020', 'applicant', '2020-06-10 04:59:43.627619+00', '2020-06-10 04:59:43.627619+00', NULL)
    ,(80, 56, '2020', 'applicant', '2020-06-10 04:59:43.627619+00', '2020-06-10 04:59:43.627619+00', NULL)
    ,(81, 57, '2020', 'applicant', '2020-06-10 04:59:43.627619+00', '2020-06-10 04:59:43.627619+00', NULL)
    ,(82, 58, '2020', 'applicant', '2020-06-10 04:59:43.627619+00', '2020-06-10 04:59:43.627619+00', NULL)
    ,(83, 59, '2020', 'applicant', '2020-06-10 04:59:43.627619+00', '2020-06-10 04:59:43.627619+00', NULL)
    ,(84, 60, '2020', 'applicant', '2020-06-10 04:59:43.627619+00', '2020-06-10 04:59:43.627619+00', NULL)
    ,(85, 61, '2020', 'applicant', '2020-06-10 04:59:43.627619+00', '2020-06-10 04:59:43.627619+00', NULL)
    ,(86, 62, '2020', 'applicant', '2020-06-10 04:59:43.627619+00', '2020-06-10 04:59:43.627619+00', NULL)
    ,(87, 63, '2020', 'applicant', '2020-06-10 04:59:43.627619+00', '2020-06-10 04:59:43.627619+00', NULL)
    ,(88, 64, '2020', 'applicant', '2020-06-10 04:59:43.627619+00', '2020-06-10 04:59:43.627619+00', NULL)
    ,(89, 65, '2020', 'applicant', '2020-06-10 04:59:43.627619+00', '2020-06-10 04:59:43.627619+00', NULL)
    ,(90, 66, '2020', 'applicant', '2020-06-10 04:59:43.627619+00', '2020-06-10 04:59:43.627619+00', NULL)
    ,(91, 67, '2020', 'applicant', '2020-06-10 04:59:43.627619+00', '2020-06-10 04:59:43.627619+00', NULL)
    ,(92, 68, '2020', 'applicant', '2020-06-10 04:59:43.627619+00', '2020-06-10 04:59:43.627619+00', NULL)
    ,(93, 69, '2020', 'applicant', '2020-06-10 04:59:43.627619+00', '2020-06-10 04:59:43.627619+00', NULL)
    ,(94, 70, '2020', 'applicant', '2020-06-10 04:59:43.627619+00', '2020-06-10 04:59:43.627619+00', NULL)
    ,(95, 71, '2020', 'applicant', '2020-06-10 04:59:43.627619+00', '2020-06-10 04:59:43.627619+00', NULL)
    ,(96, 72, '2020', 'applicant', '2020-06-10 04:59:43.627619+00', '2020-06-10 04:59:43.627619+00', NULL)
    ,(97, 73, '2020', 'applicant', '2020-06-10 04:59:43.627619+00', '2020-06-10 04:59:43.627619+00', NULL)
    ,(98, 74, '2020', 'applicant', '2020-06-10 04:59:43.627619+00', '2020-06-10 04:59:43.627619+00', NULL)
    ,(99, 75, '2020', 'applicant', '2020-06-10 04:59:43.627619+00', '2020-06-10 04:59:43.627619+00', NULL)
    ,(100, 76, '2020', 'applicant', '2020-06-10 04:59:43.627619+00', '2020-06-10 04:59:43.627619+00', NULL)
    ,(101, 77, '2020', 'applicant', '2020-06-10 04:59:43.627619+00', '2020-06-10 04:59:43.627619+00', NULL)
    ,(102, 78, '2020', 'applicant', '2020-06-10 04:59:43.627619+00', '2020-06-10 04:59:43.627619+00', NULL)
    ,(103, 79, '2020', 'applicant', '2020-06-10 04:59:43.627619+00', '2020-06-10 04:59:43.627619+00', NULL)
    ,(104, 80, '2020', 'applicant', '2020-06-10 04:59:43.627619+00', '2020-06-10 04:59:43.627619+00', NULL)
    ,(105, 81, '2020', 'applicant', '2020-06-10 04:59:43.627619+00', '2020-06-10 04:59:43.627619+00', NULL)
    ,(106, 82, '2020', 'applicant', '2020-06-10 04:59:43.627619+00', '2020-06-10 04:59:43.627619+00', NULL)
    ,(107, 83, '2020', 'applicant', '2020-06-10 04:59:43.627619+00', '2020-06-10 04:59:43.627619+00', NULL)
    ,(108, 84, '2020', 'applicant', '2020-06-10 04:59:43.627619+00', '2020-06-10 04:59:43.627619+00', NULL)
    ,(109, 85, '2020', 'applicant', '2020-06-10 04:59:43.627619+00', '2020-06-10 04:59:43.627619+00', NULL)
    ,(110, 86, '2020', 'applicant', '2020-06-10 04:59:43.627619+00', '2020-06-10 04:59:43.627619+00', NULL)
    ,(111, 87, '2020', 'applicant', '2020-06-10 04:59:43.627619+00', '2020-06-10 04:59:43.627619+00', NULL)
    ,(112, 88, '2020', 'applicant', '2020-06-10 04:59:43.627619+00', '2020-06-10 04:59:43.627619+00', NULL)
    ,(113, 89, '2020', 'applicant', '2020-06-10 04:59:43.627619+00', '2020-06-10 04:59:43.627619+00', NULL)
    ,(114, 90, '2020', 'applicant', '2020-06-10 04:59:43.627619+00', '2020-06-10 04:59:43.627619+00', NULL)
    ,(115, 91, '2020', 'applicant', '2020-06-10 04:59:43.627619+00', '2020-06-10 04:59:43.627619+00', NULL)
    ,(116, 92, '2020', 'applicant', '2020-06-10 04:59:43.627619+00', '2020-06-10 04:59:43.627619+00', NULL)
    ,(117, 93, '2020', 'applicant', '2020-06-10 04:59:43.627619+00', '2020-06-10 04:59:43.627619+00', NULL)
    ,(118, 94, '2020', 'applicant', '2020-06-10 04:59:43.627619+00', '2020-06-10 04:59:43.627619+00', NULL)
    ,(119, 95, '2020', 'applicant', '2020-06-10 04:59:43.627619+00', '2020-06-10 04:59:43.627619+00', NULL)
    ,(120, 96, '2020', 'applicant', '2020-06-10 04:59:43.627619+00', '2020-06-10 04:59:43.627619+00', NULL)
    ,(121, 97, '2020', 'applicant', '2020-06-10 04:59:43.627619+00', '2020-06-10 04:59:43.627619+00', NULL)
    ,(122, 98, '2020', 'applicant', '2020-06-10 04:59:43.627619+00', '2020-06-10 04:59:43.627619+00', NULL)
    ,(123, 99, '2020', 'applicant', '2020-06-10 04:59:43.627619+00', '2020-06-10 04:59:43.627619+00', NULL)
    ,(124, 100, '2020', 'applicant', '2020-06-10 04:59:43.627619+00', '2020-06-10 04:59:43.627619+00', NULL)
    ,(125, 101, '2020', 'applicant', '2020-06-10 04:59:43.627619+00', '2020-06-10 04:59:43.627619+00', NULL)
    ,(126, 102, '2020', 'applicant', '2020-06-10 04:59:43.627619+00', '2020-06-10 04:59:43.627619+00', NULL)
    ,(127, 103, '2020', 'applicant', '2020-06-10 04:59:43.627619+00', '2020-06-10 04:59:43.627619+00', NULL)
    ,(128, 104, '2020', 'applicant', '2020-06-10 04:59:43.627619+00', '2020-06-10 04:59:43.627619+00', NULL)
    ,(129, 105, '2020', 'applicant', '2020-06-10 04:59:43.627619+00', '2020-06-10 04:59:43.627619+00', NULL)
    ,(130, 106, '2020', 'applicant', '2020-06-10 04:59:43.627619+00', '2020-06-10 04:59:43.627619+00', NULL)
    ,(131, 107, '2020', 'applicant', '2020-06-10 04:59:43.627619+00', '2020-06-10 04:59:43.627619+00', NULL)
    ,(132, 108, '2020', 'applicant', '2020-06-10 04:59:43.627619+00', '2020-06-10 04:59:43.627619+00', NULL)
    ,(133, 109, '2020', 'applicant', '2020-06-10 04:59:43.627619+00', '2020-06-10 04:59:43.627619+00', NULL)
    ,(134, 110, '2020', 'applicant', '2020-06-10 04:59:43.627619+00', '2020-06-10 04:59:43.627619+00', NULL)
    ,(135, 111, '2020', 'applicant', '2020-06-10 04:59:43.627619+00', '2020-06-10 04:59:43.627619+00', NULL)
    ,(136, 112, '2020', 'applicant', '2020-06-10 04:59:43.627619+00', '2020-06-10 04:59:43.627619+00', NULL)
    ,(137, 113, '2020', 'applicant', '2020-06-10 04:59:43.627619+00', '2020-06-10 04:59:43.627619+00', NULL)
    ,(138, 114, '2020', 'applicant', '2020-06-10 04:59:43.627619+00', '2020-06-10 04:59:43.627619+00', NULL)
    ,(139, 115, '2020', 'applicant', '2020-06-10 04:59:43.627619+00', '2020-06-10 04:59:43.627619+00', NULL)
    ,(140, 116, '2020', 'applicant', '2020-06-10 04:59:43.627619+00', '2020-06-10 04:59:43.627619+00', NULL)
    ,(141, 117, '2020', 'applicant', '2020-06-10 04:59:43.627619+00', '2020-06-10 04:59:43.627619+00', NULL)
    ,(142, 118, '2020', 'applicant', '2020-06-10 04:59:43.627619+00', '2020-06-10 04:59:43.627619+00', NULL)
    ,(143, 119, '2020', 'applicant', '2020-06-10 04:59:43.627619+00', '2020-06-10 04:59:43.627619+00', NULL)
    ,(144, 120, '2020', 'applicant', '2020-06-10 04:59:43.627619+00', '2020-06-10 04:59:43.627619+00', NULL)
    ,(145, 121, '2020', 'applicant', '2020-06-10 04:59:43.627619+00', '2020-06-10 04:59:43.627619+00', NULL)
    ,(146, 122, '2020', 'applicant', '2020-06-10 04:59:43.627619+00', '2020-06-10 04:59:43.627619+00', NULL)
    ,(147, 123, '2020', 'applicant', '2020-06-10 04:59:43.627619+00', '2020-06-10 04:59:43.627619+00', NULL)
    ,(148, 124, '2020', 'applicant', '2020-06-10 04:59:43.627619+00', '2020-06-10 04:59:43.627619+00', NULL)
    ,(149, 125, '2020', 'applicant', '2020-06-10 04:59:43.627619+00', '2020-06-10 04:59:43.627619+00', NULL)
    ,(150, 126, '2020', 'applicant', '2020-06-10 04:59:43.627619+00', '2020-06-10 04:59:43.627619+00', NULL)
    ,(151, 127, '2020', 'applicant', '2020-06-10 04:59:43.627619+00', '2020-06-10 04:59:43.627619+00', NULL)
    ,(152, 128, '2020', 'applicant', '2020-06-10 04:59:43.627619+00', '2020-06-10 04:59:43.627619+00', NULL)
    ,(153, 129, '2020', 'applicant', '2020-06-10 04:59:43.627619+00', '2020-06-10 04:59:43.627619+00', NULL)
    ,(154, 130, '2020', 'applicant', '2020-06-10 04:59:43.627619+00', '2020-06-10 04:59:43.627619+00', NULL)
    ,(155, 131, '2020', 'applicant', '2020-06-10 04:59:43.627619+00', '2020-06-10 04:59:43.627619+00', NULL)
    ,(156, 132, '2020', 'applicant', '2020-06-10 04:59:43.627619+00', '2020-06-10 04:59:43.627619+00', NULL)
    ,(157, 133, '2020', 'applicant', '2020-06-10 04:59:43.627619+00', '2020-06-10 04:59:43.627619+00', NULL)
    ,(158, 134, '2020', 'applicant', '2020-06-10 04:59:43.627619+00', '2020-06-10 04:59:43.627619+00', NULL)
    ,(159, 135, '2020', 'applicant', '2020-06-10 04:59:43.627619+00', '2020-06-10 04:59:43.627619+00', NULL)
    ,(160, 136, '2020', 'applicant', '2020-06-10 04:59:43.627619+00', '2020-06-10 04:59:43.627619+00', NULL)
    ,(161, 137, '2020', 'applicant', '2020-06-10 04:59:43.627619+00', '2020-06-10 04:59:43.627619+00', NULL)
    ,(162, 138, '2020', 'applicant', '2020-06-10 04:59:43.627619+00', '2020-06-10 04:59:43.627619+00', NULL)
    ,(163, 139, '2020', 'applicant', '2020-06-10 04:59:43.627619+00', '2020-06-10 04:59:43.627619+00', NULL)
    ,(164, 140, '2020', 'applicant', '2020-06-10 04:59:43.627619+00', '2020-06-10 04:59:43.627619+00', NULL)
    ,(165, 141, '2020', 'applicant', '2020-06-10 04:59:43.627619+00', '2020-06-10 04:59:43.627619+00', NULL)
    ,(166, 142, '2020', 'applicant', '2020-06-10 04:59:43.627619+00', '2020-06-10 04:59:43.627619+00', NULL)
    ,(167, 143, '2020', 'applicant', '2020-06-10 04:59:43.627619+00', '2020-06-10 04:59:43.627619+00', NULL)
    ,(168, 144, '2020', 'applicant', '2020-06-10 04:59:43.627619+00', '2020-06-10 04:59:43.627619+00', NULL)
    ,(169, 145, '2020', 'applicant', '2020-06-10 04:59:43.627619+00', '2020-06-10 04:59:43.627619+00', NULL)
    ,(170, 146, '2020', 'applicant', '2020-06-10 04:59:43.627619+00', '2020-06-10 04:59:43.627619+00', NULL)
    ,(171, 147, '2020', 'applicant', '2020-06-10 04:59:43.627619+00', '2020-06-10 04:59:43.627619+00', NULL)
    ,(172, 148, '2020', 'applicant', '2020-06-10 04:59:43.627619+00', '2020-06-10 04:59:43.627619+00', NULL)
    ,(173, 149, '2020', 'applicant', '2020-06-10 04:59:43.627619+00', '2020-06-10 04:59:43.627619+00', NULL)
    ,(174, 150, '2020', 'applicant', '2020-06-10 04:59:43.627619+00', '2020-06-10 04:59:43.627619+00', NULL)
    ,(175, 151, '2020', 'applicant', '2020-06-10 04:59:43.627619+00', '2020-06-10 04:59:43.627619+00', NULL)
    ,(176, 152, '2020', 'applicant', '2020-06-10 04:59:43.627619+00', '2020-06-10 04:59:43.627619+00', NULL)
    ,(177, 153, '2020', 'applicant', '2020-06-10 04:59:43.627619+00', '2020-06-10 04:59:43.627619+00', NULL)
    ,(178, 154, '2020', 'applicant', '2020-06-10 04:59:43.627619+00', '2020-06-10 04:59:43.627619+00', NULL)
    ,(179, 155, '2020', 'applicant', '2020-06-10 04:59:43.627619+00', '2020-06-10 04:59:43.627619+00', NULL)
    ,(180, 156, '2020', 'applicant', '2020-06-10 04:59:43.627619+00', '2020-06-10 04:59:43.627619+00', NULL)
    ,(181, 157, '2020', 'applicant', '2020-06-10 04:59:43.627619+00', '2020-06-10 04:59:43.627619+00', NULL)
    ,(182, 158, '2020', 'applicant', '2020-06-10 04:59:43.627619+00', '2020-06-10 04:59:43.627619+00', NULL)
    ,(183, 159, '2020', 'applicant', '2020-06-10 04:59:43.627619+00', '2020-06-10 04:59:43.627619+00', NULL)
    ,(184, 160, '2020', 'applicant', '2020-06-10 04:59:43.627619+00', '2020-06-10 04:59:43.627619+00', NULL)
    ,(185, 161, '2020', 'applicant', '2020-06-10 04:59:43.627619+00', '2020-06-10 04:59:43.627619+00', NULL)
    ,(186, 162, '2020', 'applicant', '2020-06-10 04:59:43.627619+00', '2020-06-10 04:59:43.627619+00', NULL)
    ,(187, 163, '2020', 'applicant', '2020-06-10 04:59:43.627619+00', '2020-06-10 04:59:43.627619+00', NULL)
    ,(188, 164, '2020', 'applicant', '2020-06-10 04:59:43.627619+00', '2020-06-10 04:59:43.627619+00', NULL)
    ,(189, 165, '2020', 'applicant', '2020-06-10 04:59:43.627619+00', '2020-06-10 04:59:43.627619+00', NULL)
    ,(190, 166, '2020', 'applicant', '2020-06-10 04:59:43.627619+00', '2020-06-10 04:59:43.627619+00', NULL)
    ,(191, 167, '2020', 'applicant', '2020-06-10 04:59:43.627619+00', '2020-06-10 04:59:43.627619+00', NULL)
    ,(192, 168, '2020', 'applicant', '2020-06-10 04:59:43.627619+00', '2020-06-10 04:59:43.627619+00', NULL)
    ,(193, 169, '2020', 'applicant', '2020-06-10 04:59:43.627619+00', '2020-06-10 04:59:43.627619+00', NULL)
    ,(194, 170, '2020', 'applicant', '2020-06-10 04:59:43.627619+00', '2020-06-10 04:59:43.627619+00', NULL)
    ,(195, 171, '2020', 'applicant', '2020-06-10 04:59:43.627619+00', '2020-06-10 04:59:43.627619+00', NULL)
    ,(196, 172, '2020', 'applicant', '2020-06-10 04:59:43.627619+00', '2020-06-10 04:59:43.627619+00', NULL)
    ,(197, 173, '2020', 'applicant', '2020-06-10 04:59:43.627619+00', '2020-06-10 04:59:43.627619+00', NULL)
    ,(198, 174, '2020', 'applicant', '2020-06-10 04:59:43.627619+00', '2020-06-10 04:59:43.627619+00', NULL)
    ,(199, 175, '2020', 'applicant', '2020-06-10 04:59:43.627619+00', '2020-06-10 04:59:43.627619+00', NULL)
    ,(200, 176, '2020', 'applicant', '2020-06-10 04:59:43.627619+00', '2020-06-10 04:59:43.627619+00', NULL)
    ,(201, 177, '2020', 'applicant', '2020-06-10 04:59:43.627619+00', '2020-06-10 04:59:43.627619+00', NULL)
    ,(202, 178, '2020', 'applicant', '2020-06-10 04:59:43.627619+00', '2020-06-10 04:59:43.627619+00', NULL)
    ,(203, 179, '2020', 'applicant', '2020-06-10 04:59:43.627619+00', '2020-06-10 04:59:43.627619+00', NULL)
    ,(204, 180, '2020', 'applicant', '2020-06-10 04:59:43.627619+00', '2020-06-10 04:59:43.627619+00', NULL)
    ,(205, 181, '2020', 'applicant', '2020-06-10 04:59:43.627619+00', '2020-06-10 04:59:43.627619+00', NULL)
    ,(206, 182, '2020', 'applicant', '2020-06-10 04:59:43.627619+00', '2020-06-10 04:59:43.627619+00', NULL)
    ,(207, 183, '2020', 'applicant', '2020-06-10 04:59:43.627619+00', '2020-06-10 04:59:43.627619+00', NULL)
    ,(208, 184, '2020', 'applicant', '2020-06-10 04:59:43.627619+00', '2020-06-10 04:59:43.627619+00', NULL)
    ,(209, 185, '2020', 'applicant', '2020-06-10 04:59:43.627619+00', '2020-06-10 04:59:43.627619+00', NULL)
    ,(210, 186, '2020', 'applicant', '2020-06-10 04:59:43.627619+00', '2020-06-10 04:59:43.627619+00', NULL)
    ,(211, 187, '2020', 'applicant', '2020-06-10 04:59:43.627619+00', '2020-06-10 04:59:43.627619+00', NULL)
    ,(212, 188, '2020', 'applicant', '2020-06-10 04:59:43.627619+00', '2020-06-10 04:59:43.627619+00', NULL)
    ,(213, 189, '2020', 'applicant', '2020-06-10 04:59:43.627619+00', '2020-06-10 04:59:43.627619+00', NULL)
    ,(214, 190, '2020', 'applicant', '2020-06-10 04:59:43.627619+00', '2020-06-10 04:59:43.627619+00', NULL)
    ,(215, 191, '2020', 'applicant', '2020-06-10 04:59:43.627619+00', '2020-06-10 04:59:43.627619+00', NULL)
    ,(216, 192, '2020', 'applicant', '2020-06-10 04:59:43.627619+00', '2020-06-10 04:59:43.627619+00', NULL)
    ,(217, 193, '2020', 'applicant', '2020-06-10 04:59:43.627619+00', '2020-06-10 04:59:43.627619+00', NULL)
    ,(218, 194, '2020', 'applicant', '2020-06-10 04:59:43.627619+00', '2020-06-10 04:59:43.627619+00', NULL)
    ,(219, 195, '2020', 'applicant', '2020-06-10 04:59:43.627619+00', '2020-06-10 04:59:43.627619+00', NULL)
    ,(220, 196, '2020', 'applicant', '2020-06-10 04:59:43.627619+00', '2020-06-10 04:59:43.627619+00', NULL)
    ,(221, 197, '2020', 'applicant', '2020-06-10 04:59:43.627619+00', '2020-06-10 04:59:43.627619+00', NULL)
    ,(222, 198, '2020', 'applicant', '2020-06-10 04:59:43.627619+00', '2020-06-10 04:59:43.627619+00', NULL)
    ,(223, 199, '2020', 'applicant', '2020-06-10 04:59:43.627619+00', '2020-06-10 04:59:43.627619+00', NULL)
    ,(224, 200, '2020', 'applicant', '2020-06-10 04:59:43.627619+00', '2020-06-10 04:59:43.627619+00', NULL)
    ,(225, 201, '2020', 'applicant', '2020-06-10 04:59:43.627619+00', '2020-06-10 04:59:43.627619+00', NULL)
    ,(226, 202, '2020', 'applicant', '2020-06-10 04:59:43.627619+00', '2020-06-10 04:59:43.627619+00', NULL)
    ,(227, 203, '2020', 'applicant', '2020-06-10 04:59:43.627619+00', '2020-06-10 04:59:43.627619+00', NULL)
    ,(228, 204, '2020', 'applicant', '2020-06-10 04:59:43.627619+00', '2020-06-10 04:59:43.627619+00', NULL)
    ,(229, 205, '2020', 'applicant', '2020-06-10 04:59:43.627619+00', '2020-06-10 04:59:43.627619+00', NULL)
    ,(230, 206, '2020', 'applicant', '2020-06-10 04:59:43.627619+00', '2020-06-10 04:59:43.627619+00', NULL)
    ,(231, 207, '2020', 'applicant', '2020-06-10 04:59:43.627619+00', '2020-06-10 04:59:43.627619+00', NULL)
    ,(232, 208, '2020', 'applicant', '2020-06-10 04:59:43.627619+00', '2020-06-10 04:59:43.627619+00', NULL)
    ,(233, 209, '2020', 'applicant', '2020-06-10 04:59:43.627619+00', '2020-06-10 04:59:43.627619+00', NULL)
    ,(234, 210, '2020', 'applicant', '2020-06-10 04:59:43.627619+00', '2020-06-10 04:59:43.627619+00', NULL)
    ,(235, 211, '2020', 'applicant', '2020-06-10 04:59:43.627619+00', '2020-06-10 04:59:43.627619+00', NULL)
    ,(236, 212, '2020', 'applicant', '2020-06-10 04:59:43.627619+00', '2020-06-10 04:59:43.627619+00', NULL)
    ,(237, 213, '2020', 'applicant', '2020-06-10 04:59:43.627619+00', '2020-06-10 04:59:43.627619+00', NULL)
    ,(238, 214, '2020', 'applicant', '2020-06-10 04:59:43.627619+00', '2020-06-10 04:59:43.627619+00', NULL)
    ,(239, 215, '2020', 'applicant', '2020-06-10 04:59:43.627619+00', '2020-06-10 04:59:43.627619+00', NULL)
    ,(240, 216, '2020', 'applicant', '2020-06-10 04:59:43.627619+00', '2020-06-10 04:59:43.627619+00', NULL)
    ,(241, 217, '2020', 'applicant', '2020-06-10 04:59:43.627619+00', '2020-06-10 04:59:43.627619+00', NULL)
    ,(242, 218, '2020', 'applicant', '2020-06-10 04:59:43.627619+00', '2020-06-10 04:59:43.627619+00', NULL)
    ,(243, 219, '2020', 'applicant', '2020-06-10 04:59:43.627619+00', '2020-06-10 04:59:43.627619+00', NULL)
    ,(244, 220, '2020', 'applicant', '2020-06-10 04:59:43.627619+00', '2020-06-10 04:59:43.627619+00', NULL)
    ,(245, 221, '2020', 'applicant', '2020-06-10 04:59:43.627619+00', '2020-06-10 04:59:43.627619+00', NULL)
    ,(246, 222, '2020', 'applicant', '2020-06-10 04:59:43.627619+00', '2020-06-10 04:59:43.627619+00', NULL)
    ,(247, 223, '2020', 'applicant', '2020-06-10 04:59:43.627619+00', '2020-06-10 04:59:43.627619+00', NULL)
    ,(248, 224, '2020', 'applicant', '2020-06-10 04:59:43.627619+00', '2020-06-10 04:59:43.627619+00', NULL)
    ,(249, 225, '2020', 'applicant', '2020-06-10 04:59:43.627619+00', '2020-06-10 04:59:43.627619+00', NULL)
    ,(250, 226, '2020', 'applicant', '2020-06-10 04:59:43.627619+00', '2020-06-10 04:59:43.627619+00', NULL)
    ,(251, 227, '2020', 'applicant', '2020-06-10 04:59:43.627619+00', '2020-06-10 04:59:43.627619+00', NULL)
    ,(252, 228, '2020', 'applicant', '2020-06-10 04:59:43.627619+00', '2020-06-10 04:59:43.627619+00', NULL)
    ,(253, 229, '2020', 'applicant', '2020-06-10 04:59:43.627619+00', '2020-06-10 04:59:43.627619+00', NULL)
    ,(254, 230, '2020', 'applicant', '2020-06-10 04:59:43.627619+00', '2020-06-10 04:59:43.627619+00', NULL)
    ,(255, 231, '2020', 'applicant', '2020-06-10 04:59:43.627619+00', '2020-06-10 04:59:43.627619+00', NULL)
    ,(256, 232, '2020', 'applicant', '2020-06-10 04:59:43.627619+00', '2020-06-10 04:59:43.627619+00', NULL)
    ,(257, 233, '2020', 'applicant', '2020-06-10 04:59:43.627619+00', '2020-06-10 04:59:43.627619+00', NULL)
    ,(258, 234, '2020', 'applicant', '2020-06-10 04:59:43.627619+00', '2020-06-10 04:59:43.627619+00', NULL)
    ,(259, 235, '2020', 'applicant', '2020-06-10 04:59:43.627619+00', '2020-06-10 04:59:43.627619+00', NULL)
    ,(260, 236, '2020', 'applicant', '2020-06-10 04:59:43.627619+00', '2020-06-10 04:59:43.627619+00', NULL)
    ,(261, 237, '2020', 'applicant', '2020-06-10 04:59:43.627619+00', '2020-06-10 04:59:43.627619+00', NULL)
    ,(262, 238, '2020', 'applicant', '2020-06-10 04:59:43.627619+00', '2020-06-10 04:59:43.627619+00', NULL)
    ,(263, 239, '2020', 'applicant', '2020-06-10 04:59:43.627619+00', '2020-06-10 04:59:43.627619+00', NULL)
    ,(264, 240, '2020', 'applicant', '2020-06-10 04:59:43.627619+00', '2020-06-10 04:59:43.627619+00', NULL)
    ,(265, 241, '2020', 'applicant', '2020-06-10 04:59:43.627619+00', '2020-06-10 04:59:43.627619+00', NULL)
    ,(266, 242, '2020', 'applicant', '2020-06-10 04:59:43.627619+00', '2020-06-10 04:59:43.627619+00', NULL)
    ,(267, 243, '2020', 'applicant', '2020-06-10 04:59:43.627619+00', '2020-06-10 04:59:43.627619+00', NULL)
    ,(268, 244, '2020', 'applicant', '2020-06-10 04:59:43.627619+00', '2020-06-10 04:59:43.627619+00', NULL)
    ,(269, 245, '2020', 'applicant', '2020-06-10 04:59:43.627619+00', '2020-06-10 04:59:43.627619+00', NULL)
    ,(270, 246, '2020', 'applicant', '2020-06-10 04:59:43.627619+00', '2020-06-10 04:59:43.627619+00', NULL)
    ,(271, 247, '2020', 'applicant', '2020-06-10 04:59:43.627619+00', '2020-06-10 04:59:43.627619+00', NULL)
    ,(272, 248, '2020', 'applicant', '2020-06-10 04:59:43.627619+00', '2020-06-10 04:59:43.627619+00', NULL)
    ,(273, 249, '2020', 'applicant', '2020-06-10 04:59:43.627619+00', '2020-06-10 04:59:43.627619+00', NULL)
    ,(274, 250, '2020', 'applicant', '2020-06-10 04:59:43.627619+00', '2020-06-10 04:59:43.627619+00', NULL)
    ,(275, 251, '2020', 'applicant', '2020-06-10 04:59:43.627619+00', '2020-06-10 04:59:43.627619+00', NULL)
    ,(276, 252, '2020', 'applicant', '2020-06-10 04:59:43.627619+00', '2020-06-10 04:59:43.627619+00', NULL)
    ,(277, 253, '2020', 'applicant', '2020-06-10 04:59:43.627619+00', '2020-06-10 04:59:43.627619+00', NULL)
    ,(278, 254, '2020', 'applicant', '2020-06-10 04:59:43.627619+00', '2020-06-10 04:59:43.627619+00', NULL)
    ,(279, 255, '2020', 'applicant', '2020-06-10 04:59:43.627619+00', '2020-06-10 04:59:43.627619+00', NULL)
    ,(280, 256, '2020', 'applicant', '2020-06-10 04:59:43.627619+00', '2020-06-10 04:59:43.627619+00', NULL)
    ,(281, 257, '2020', 'applicant', '2020-06-10 04:59:43.627619+00', '2020-06-10 04:59:43.627619+00', NULL)
    ,(282, 258, '2020', 'applicant', '2020-06-10 04:59:43.627619+00', '2020-06-10 04:59:43.627619+00', NULL)
    ,(283, 259, '2020', 'applicant', '2020-06-10 04:59:43.627619+00', '2020-06-10 04:59:43.627619+00', NULL)
    ,(284, 260, '2020', 'applicant', '2020-06-10 04:59:43.627619+00', '2020-06-10 04:59:43.627619+00', NULL)
    ,(285, 261, '2020', 'applicant', '2020-06-10 04:59:43.627619+00', '2020-06-10 04:59:43.627619+00', NULL)
    ,(286, 262, '2020', 'applicant', '2020-06-10 04:59:43.627619+00', '2020-06-10 04:59:43.627619+00', NULL)
    ,(287, 263, '2020', 'applicant', '2020-06-10 04:59:43.627619+00', '2020-06-10 04:59:43.627619+00', NULL)
    ,(288, 264, '2020', 'applicant', '2020-06-10 04:59:43.627619+00', '2020-06-10 04:59:43.627619+00', NULL)
    ,(289, 265, '2020', 'applicant', '2020-06-10 04:59:43.627619+00', '2020-06-10 04:59:43.627619+00', NULL)
    ,(290, 266, '2020', 'applicant', '2020-06-10 04:59:43.627619+00', '2020-06-10 04:59:43.627619+00', NULL)
    ,(291, 267, '2020', 'applicant', '2020-06-10 04:59:43.627619+00', '2020-06-10 04:59:43.627619+00', NULL)
    ,(292, 268, '2020', 'applicant', '2020-06-10 04:59:43.627619+00', '2020-06-10 04:59:43.627619+00', NULL)
    ,(293, 269, '2020', 'applicant', '2020-06-10 04:59:43.627619+00', '2020-06-10 04:59:43.627619+00', NULL)
    ,(294, 270, '2020', 'applicant', '2020-06-10 04:59:43.627619+00', '2020-06-10 04:59:43.627619+00', NULL)
    ,(295, 271, '2020', 'applicant', '2020-06-10 04:59:43.627619+00', '2020-06-10 04:59:43.627619+00', NULL)
    ,(296, 272, '2020', 'applicant', '2020-06-10 04:59:43.627619+00', '2020-06-10 04:59:43.627619+00', NULL)
    ,(297, 273, '2020', 'applicant', '2020-06-10 04:59:43.627619+00', '2020-06-10 04:59:43.627619+00', NULL)
    ,(298, 274, '2020', 'applicant', '2020-06-10 04:59:43.627619+00', '2020-06-10 04:59:43.627619+00', NULL)
    ,(299, 275, '2020', 'applicant', '2020-06-10 04:59:43.627619+00', '2020-06-10 04:59:43.627619+00', NULL)
    ,(300, 276, '2020', 'applicant', '2020-06-10 04:59:43.627619+00', '2020-06-10 04:59:43.627619+00', NULL)
    ,(301, 277, '2020', 'applicant', '2020-06-10 04:59:43.627619+00', '2020-06-10 04:59:43.627619+00', NULL)
    ,(302, 278, '2020', 'applicant', '2020-06-10 04:59:43.627619+00', '2020-06-10 04:59:43.627619+00', NULL)
    ,(303, 279, '2020', 'applicant', '2020-06-10 04:59:43.627619+00', '2020-06-10 04:59:43.627619+00', NULL)
    ,(304, 280, '2020', 'applicant', '2020-06-10 04:59:43.627619+00', '2020-06-10 04:59:43.627619+00', NULL)
    ,(305, 281, '2020', 'applicant', '2020-06-10 04:59:43.627619+00', '2020-06-10 04:59:43.627619+00', NULL)
    ,(306, 282, '2020', 'applicant', '2020-06-10 04:59:43.627619+00', '2020-06-10 04:59:43.627619+00', NULL)
    ,(307, 283, '2020', 'applicant', '2020-06-10 04:59:43.627619+00', '2020-06-10 04:59:43.627619+00', NULL)
    ,(308, 284, '2020', 'applicant', '2020-06-10 04:59:43.627619+00', '2020-06-10 04:59:43.627619+00', NULL)
    ,(309, 285, '2020', 'applicant', '2020-06-10 04:59:43.627619+00', '2020-06-10 04:59:43.627619+00', NULL)
    ,(310, 286, '2020', 'applicant', '2020-06-10 04:59:43.627619+00', '2020-06-10 04:59:43.627619+00', NULL)
    ,(311, 287, '2020', 'applicant', '2020-06-10 04:59:43.627619+00', '2020-06-10 04:59:43.627619+00', NULL)
    ,(312, 288, '2020', 'applicant', '2020-06-10 04:59:43.627619+00', '2020-06-10 04:59:43.627619+00', NULL)
    ,(313, 289, '2020', 'applicant', '2020-06-10 04:59:43.627619+00', '2020-06-10 04:59:43.627619+00', NULL)
    ,(314, 290, '2020', 'applicant', '2020-06-10 04:59:43.627619+00', '2020-06-10 04:59:43.627619+00', NULL)
    ,(315, 291, '2020', 'applicant', '2020-06-10 04:59:43.627619+00', '2020-06-10 04:59:43.627619+00', NULL)
    ,(316, 292, '2020', 'applicant', '2020-06-10 04:59:43.627619+00', '2020-06-10 04:59:43.627619+00', NULL)
    ,(317, 293, '2020', 'applicant', '2020-06-10 04:59:43.627619+00', '2020-06-10 04:59:43.627619+00', NULL)
    ,(318, 294, '2020', 'applicant', '2020-06-10 04:59:43.627619+00', '2020-06-10 04:59:43.627619+00', NULL)
    ,(319, 295, '2020', 'applicant', '2020-06-10 04:59:43.627619+00', '2020-06-10 04:59:43.627619+00', NULL)
    ,(320, 296, '2020', 'applicant', '2020-06-10 04:59:43.627619+00', '2020-06-10 04:59:43.627619+00', NULL)
    ,(321, 297, '2020', 'applicant', '2020-06-10 04:59:43.627619+00', '2020-06-10 04:59:43.627619+00', NULL)
    ,(322, 298, '2020', 'applicant', '2020-06-10 04:59:43.627619+00', '2020-06-10 04:59:43.627619+00', NULL)
    ,(323, 299, '2020', 'applicant', '2020-06-10 04:59:43.627619+00', '2020-06-10 04:59:43.627619+00', NULL)
    ,(324, 300, '2020', 'applicant', '2020-06-10 04:59:43.627619+00', '2020-06-10 04:59:43.627619+00', NULL)
    ,(325, 301, '2020', 'applicant', '2020-06-10 04:59:43.627619+00', '2020-06-10 04:59:43.627619+00', NULL)
    ,(326, 302, '2020', 'applicant', '2020-06-10 04:59:43.627619+00', '2020-06-10 04:59:43.627619+00', NULL)
    ,(327, 303, '2020', 'applicant', '2020-06-10 04:59:43.627619+00', '2020-06-10 04:59:43.627619+00', NULL)
    ,(328, 304, '2020', 'applicant', '2020-06-10 04:59:43.627619+00', '2020-06-10 04:59:43.627619+00', NULL)
    ,(329, 305, '2020', 'applicant', '2020-06-10 04:59:43.627619+00', '2020-06-10 04:59:43.627619+00', NULL)
    ,(330, 306, '2020', 'applicant', '2020-06-10 04:59:43.627619+00', '2020-06-10 04:59:43.627619+00', NULL)
    ,(331, 307, '2020', 'applicant', '2020-06-10 04:59:43.627619+00', '2020-06-10 04:59:43.627619+00', NULL)
    ,(332, 308, '2020', 'applicant', '2020-06-10 04:59:43.627619+00', '2020-06-10 04:59:43.627619+00', NULL)
    ,(333, 309, '2020', 'applicant', '2020-06-10 04:59:43.627619+00', '2020-06-10 04:59:43.627619+00', NULL)
    ,(334, 310, '2020', 'applicant', '2020-06-10 04:59:43.627619+00', '2020-06-10 04:59:43.627619+00', NULL)
    ,(335, 311, '2020', 'applicant', '2020-06-10 04:59:43.627619+00', '2020-06-10 04:59:43.627619+00', NULL)
    ,(336, 312, '2020', 'applicant', '2020-06-10 04:59:43.627619+00', '2020-06-10 04:59:43.627619+00', NULL)
    ,(337, 313, '2020', 'applicant', '2020-06-10 04:59:43.627619+00', '2020-06-10 04:59:43.627619+00', NULL)
    ,(338, 314, '2020', 'applicant', '2020-06-10 04:59:43.627619+00', '2020-06-10 04:59:43.627619+00', NULL)
    ,(339, 315, '2020', 'applicant', '2020-06-10 04:59:43.627619+00', '2020-06-10 04:59:43.627619+00', NULL)
    ,(340, 316, '2020', 'applicant', '2020-06-10 04:59:43.627619+00', '2020-06-10 04:59:43.627619+00', NULL)
    ,(341, 317, '2020', 'applicant', '2020-06-10 04:59:43.627619+00', '2020-06-10 04:59:43.627619+00', NULL)
    ,(342, 318, '2020', 'applicant', '2020-06-10 04:59:43.627619+00', '2020-06-10 04:59:43.627619+00', NULL)
    ,(343, 319, '2020', 'applicant', '2020-06-10 04:59:43.627619+00', '2020-06-10 04:59:43.627619+00', NULL)
    ,(344, 320, '2020', 'applicant', '2020-06-10 04:59:43.627619+00', '2020-06-10 04:59:43.627619+00', NULL)
    ,(345, 321, '2020', 'applicant', '2020-06-10 04:59:43.627619+00', '2020-06-10 04:59:43.627619+00', NULL)
    ,(346, 322, '2020', 'applicant', '2020-06-10 04:59:43.627619+00', '2020-06-10 04:59:43.627619+00', NULL)
    ,(347, 323, '2020', 'applicant', '2020-06-10 04:59:43.627619+00', '2020-06-10 04:59:43.627619+00', NULL)
    ,(348, 324, '2020', 'applicant', '2020-06-10 04:59:43.627619+00', '2020-06-10 04:59:43.627619+00', NULL)
    ,(349, 325, '2020', 'applicant', '2020-06-10 04:59:43.627619+00', '2020-06-10 04:59:43.627619+00', NULL)
    ,(350, 326, '2020', 'applicant', '2020-06-10 04:59:43.627619+00', '2020-06-10 04:59:43.627619+00', NULL)
    ,(351, 327, '2020', 'applicant', '2020-06-10 04:59:43.627619+00', '2020-06-10 04:59:43.627619+00', NULL)
    ,(352, 328, '2020', 'applicant', '2020-06-10 04:59:43.627619+00', '2020-06-10 04:59:43.627619+00', NULL)
    ,(353, 329, '2020', 'applicant', '2020-06-10 04:59:43.627619+00', '2020-06-10 04:59:43.627619+00', NULL)
    ,(354, 330, '2020', 'applicant', '2020-06-10 04:59:43.627619+00', '2020-06-10 04:59:43.627619+00', NULL)
    ,(355, 331, '2020', 'applicant', '2020-06-10 04:59:43.627619+00', '2020-06-10 04:59:43.627619+00', NULL)
    ,(356, 332, '2020', 'applicant', '2020-06-10 04:59:43.627619+00', '2020-06-10 04:59:43.627619+00', NULL)
    ,(357, 333, '2020', 'applicant', '2020-06-10 04:59:43.627619+00', '2020-06-10 04:59:43.627619+00', NULL)
    ,(358, 334, '2020', 'applicant', '2020-06-10 04:59:43.627619+00', '2020-06-10 04:59:43.627619+00', NULL)
    ,(359, 335, '2020', 'applicant', '2020-06-10 04:59:43.627619+00', '2020-06-10 04:59:43.627619+00', NULL)
    ,(360, 336, '2020', 'applicant', '2020-06-10 04:59:43.627619+00', '2020-06-10 04:59:43.627619+00', NULL)
    ,(361, 337, '2020', 'applicant', '2020-06-10 04:59:43.627619+00', '2020-06-10 04:59:43.627619+00', NULL)
    ,(362, 338, '2020', 'applicant', '2020-06-10 04:59:43.627619+00', '2020-06-10 04:59:43.627619+00', NULL)
    ,(363, 339, '2020', 'applicant', '2020-06-10 04:59:43.627619+00', '2020-06-10 04:59:43.627619+00', NULL)
    ,(364, 340, '2020', 'applicant', '2020-06-10 04:59:43.627619+00', '2020-06-10 04:59:43.627619+00', NULL)
    ,(365, 341, '2020', 'applicant', '2020-06-10 04:59:43.627619+00', '2020-06-10 04:59:43.627619+00', NULL)
    ,(366, 342, '2020', 'applicant', '2020-06-10 04:59:43.627619+00', '2020-06-10 04:59:43.627619+00', NULL)
    ,(367, 343, '2020', 'applicant', '2020-06-10 04:59:43.627619+00', '2020-06-10 04:59:43.627619+00', NULL)
    ,(368, 344, '2020', 'applicant', '2020-06-10 04:59:43.627619+00', '2020-06-10 04:59:43.627619+00', NULL)
    ,(369, 345, '2020', 'applicant', '2020-06-10 04:59:43.627619+00', '2020-06-10 04:59:43.627619+00', NULL)
    ,(370, 346, '2020', 'applicant', '2020-06-10 04:59:43.627619+00', '2020-06-10 04:59:43.627619+00', NULL)
    ,(371, 347, '2020', 'applicant', '2020-06-10 04:59:43.627619+00', '2020-06-10 04:59:43.627619+00', NULL)
    ,(372, 348, '2020', 'applicant', '2020-06-10 04:59:43.627619+00', '2020-06-10 04:59:43.627619+00', NULL)
    ,(373, 349, '2020', 'applicant', '2020-06-10 04:59:43.627619+00', '2020-06-10 04:59:43.627619+00', NULL)
    ,(374, 350, '2020', 'applicant', '2020-06-10 04:59:43.627619+00', '2020-06-10 04:59:43.627619+00', NULL)
    ,(375, 351, '2020', 'applicant', '2020-06-10 04:59:43.627619+00', '2020-06-10 04:59:43.627619+00', NULL)
    ,(376, 352, '2020', 'applicant', '2020-06-10 04:59:43.627619+00', '2020-06-10 04:59:43.627619+00', NULL)
    ,(377, 353, '2020', 'applicant', '2020-06-10 04:59:43.627619+00', '2020-06-10 04:59:43.627619+00', NULL)
    ,(378, 354, '2020', 'applicant', '2020-06-10 04:59:43.627619+00', '2020-06-10 04:59:43.627619+00', NULL)
    ,(379, 355, '2020', 'applicant', '2020-06-10 04:59:43.627619+00', '2020-06-10 04:59:43.627619+00', NULL)
    ,(380, 356, '2020', 'applicant', '2020-06-10 04:59:43.627619+00', '2020-06-10 04:59:43.627619+00', NULL)
    ,(381, 357, '2020', 'applicant', '2020-06-10 04:59:43.627619+00', '2020-06-10 04:59:43.627619+00', NULL)
    ,(382, 358, '2020', 'applicant', '2020-06-10 04:59:43.627619+00', '2020-06-10 04:59:43.627619+00', NULL)
    ,(383, 359, '2020', 'applicant', '2020-06-10 04:59:43.627619+00', '2020-06-10 04:59:43.627619+00', NULL)
    ,(384, 360, '2020', 'applicant', '2020-06-10 04:59:43.627619+00', '2020-06-10 04:59:43.627619+00', NULL)
    ,(385, 361, '2020', 'applicant', '2020-06-10 04:59:43.627619+00', '2020-06-10 04:59:43.627619+00', NULL)
    ,(386, 362, '2020', 'applicant', '2020-06-10 04:59:43.627619+00', '2020-06-10 04:59:43.627619+00', NULL)
    ,(387, 363, '2020', 'applicant', '2020-06-10 04:59:43.627619+00', '2020-06-10 04:59:43.627619+00', NULL)
    ,(388, 364, '2020', 'applicant', '2020-06-10 04:59:43.627619+00', '2020-06-10 04:59:43.627619+00', NULL)
    ,(389, 365, '2020', 'applicant', '2020-06-10 04:59:43.627619+00', '2020-06-10 04:59:43.627619+00', NULL)
    ,(390, 366, '2020', 'applicant', '2020-06-10 04:59:43.627619+00', '2020-06-10 04:59:43.627619+00', NULL)
    ,(391, 367, '2020', 'applicant', '2020-06-10 04:59:43.627619+00', '2020-06-10 04:59:43.627619+00', NULL)
    ,(392, 368, '2020', 'applicant', '2020-06-10 04:59:43.627619+00', '2020-06-10 04:59:43.627619+00', NULL)
    ,(393, 369, '2020', 'applicant', '2020-06-10 04:59:43.627619+00', '2020-06-10 04:59:43.627619+00', NULL)
    ,(394, 370, '2020', 'applicant', '2020-06-10 04:59:43.627619+00', '2020-06-10 04:59:43.627619+00', NULL)
    ,(395, 371, '2020', 'applicant', '2020-06-10 04:59:43.627619+00', '2020-06-10 04:59:43.627619+00', NULL)
    ,(396, 372, '2020', 'applicant', '2020-06-10 04:59:43.627619+00', '2020-06-10 04:59:43.627619+00', NULL)
    ,(397, 373, '2020', 'applicant', '2020-06-10 04:59:43.627619+00', '2020-06-10 04:59:43.627619+00', NULL)
    ,(398, 374, '2020', 'applicant', '2020-06-10 04:59:43.627619+00', '2020-06-10 04:59:43.627619+00', NULL)
    ,(399, 375, '2020', 'applicant', '2020-06-10 04:59:43.627619+00', '2020-06-10 04:59:43.627619+00', NULL)
    ,(400, 376, '2020', 'applicant', '2020-06-10 04:59:43.627619+00', '2020-06-10 04:59:43.627619+00', NULL)
    ,(401, 377, '2020', 'applicant', '2020-06-10 04:59:43.627619+00', '2020-06-10 04:59:43.627619+00', NULL)
    ,(402, 378, '2020', 'applicant', '2020-06-10 04:59:43.627619+00', '2020-06-10 04:59:43.627619+00', NULL)
    ,(403, 379, '2020', 'applicant', '2020-06-10 04:59:43.627619+00', '2020-06-10 04:59:43.627619+00', NULL)
    ,(404, 380, '2020', 'applicant', '2020-06-10 04:59:43.627619+00', '2020-06-10 04:59:43.627619+00', NULL)
    ,(405, 381, '2020', 'applicant', '2020-06-10 04:59:43.627619+00', '2020-06-10 04:59:43.627619+00', NULL)
    ,(406, 382, '2020', 'applicant', '2020-06-10 04:59:43.627619+00', '2020-06-10 04:59:43.627619+00', NULL)
    ,(407, 383, '2020', 'applicant', '2020-06-10 04:59:43.627619+00', '2020-06-10 04:59:43.627619+00', NULL)
    ,(408, 384, '2020', 'applicant', '2020-06-10 04:59:43.627619+00', '2020-06-10 04:59:43.627619+00', NULL)
    ,(409, 385, '2020', 'applicant', '2020-06-10 04:59:43.627619+00', '2020-06-10 04:59:43.627619+00', NULL)
    ,(410, 386, '2020', 'applicant', '2020-06-10 04:59:43.627619+00', '2020-06-10 04:59:43.627619+00', NULL)
    ,(411, 387, '2020', 'applicant', '2020-06-10 04:59:43.627619+00', '2020-06-10 04:59:43.627619+00', NULL)
    ,(412, 388, '2020', 'applicant', '2020-06-10 04:59:43.627619+00', '2020-06-10 04:59:43.627619+00', NULL)
    ,(413, 389, '2020', 'applicant', '2020-06-10 04:59:43.627619+00', '2020-06-10 04:59:43.627619+00', NULL)
    ,(414, 390, '2020', 'applicant', '2020-06-10 04:59:43.627619+00', '2020-06-10 04:59:43.627619+00', NULL)
    ,(415, 391, '2020', 'applicant', '2020-06-10 04:59:43.627619+00', '2020-06-10 04:59:43.627619+00', NULL)
    ,(416, 392, '2020', 'applicant', '2020-06-10 04:59:43.627619+00', '2020-06-10 04:59:43.627619+00', NULL)
    ,(417, 393, '2020', 'applicant', '2020-06-10 04:59:43.627619+00', '2020-06-10 04:59:43.627619+00', NULL)
    ,(418, 394, '2020', 'applicant', '2020-06-10 04:59:43.627619+00', '2020-06-10 04:59:43.627619+00', NULL)
    ,(419, 395, '2020', 'applicant', '2020-06-10 04:59:43.627619+00', '2020-06-10 04:59:43.627619+00', NULL)
    ,(420, 396, '2020', 'applicant', '2020-06-10 04:59:43.627619+00', '2020-06-10 04:59:43.627619+00', NULL)
    ,(421, 397, '2020', 'applicant', '2020-06-10 04:59:43.627619+00', '2020-06-10 04:59:43.627619+00', NULL)
    ,(422, 398, '2020', 'applicant', '2020-06-10 04:59:43.627619+00', '2020-06-10 04:59:43.627619+00', NULL)
    ,(423, 399, '2020', 'applicant', '2020-06-10 04:59:43.627619+00', '2020-06-10 04:59:43.627619+00', NULL)
    ,(424, 400, '2020', 'applicant', '2020-06-10 04:59:43.627619+00', '2020-06-10 04:59:43.627619+00', NULL)
    ,(425, 401, '2020', 'applicant', '2020-06-10 04:59:43.627619+00', '2020-06-10 04:59:43.627619+00', NULL)
    ,(426, 402, '2020', 'applicant', '2020-06-10 04:59:43.627619+00', '2020-06-10 04:59:43.627619+00', NULL)
    ,(427, 403, '2020', 'applicant', '2020-06-10 04:59:43.627619+00', '2020-06-10 04:59:43.627619+00', NULL)
    ,(428, 404, '2020', 'applicant', '2020-06-10 04:59:43.627619+00', '2020-06-10 04:59:43.627619+00', NULL)
    ,(429, 405, '2020', 'applicant', '2020-06-10 04:59:43.627619+00', '2020-06-10 04:59:43.627619+00', NULL)
    ,(430, 406, '2020', 'applicant', '2020-06-10 04:59:43.627619+00', '2020-06-10 04:59:43.627619+00', NULL)
    ,(431, 407, '2020', 'applicant', '2020-06-10 04:59:43.627619+00', '2020-06-10 04:59:43.627619+00', NULL)
    ,(432, 408, '2020', 'applicant', '2020-06-10 04:59:43.627619+00', '2020-06-10 04:59:43.627619+00', NULL)
    ,(433, 409, '2020', 'applicant', '2020-06-10 04:59:43.627619+00', '2020-06-10 04:59:43.627619+00', NULL)
    ,(434, 410, '2020', 'applicant', '2020-06-10 04:59:43.627619+00', '2020-06-10 04:59:43.627619+00', NULL)
    ,(435, 411, '2020', 'applicant', '2020-06-10 04:59:43.627619+00', '2020-06-10 04:59:43.627619+00', NULL)
    ,(436, 412, '2020', 'applicant', '2020-06-10 04:59:43.627619+00', '2020-06-10 04:59:43.627619+00', NULL)
    ,(437, 413, '2020', 'applicant', '2020-06-10 04:59:43.627619+00', '2020-06-10 04:59:43.627619+00', NULL)
    ,(438, 414, '2020', 'applicant', '2020-06-10 04:59:43.627619+00', '2020-06-10 04:59:43.627619+00', NULL)
    ,(439, 415, '2020', 'applicant', '2020-06-10 04:59:43.627619+00', '2020-06-10 04:59:43.627619+00', NULL)
    ,(440, 416, '2020', 'applicant', '2020-06-10 04:59:43.627619+00', '2020-06-10 04:59:43.627619+00', NULL)
    ,(441, 417, '2020', 'applicant', '2020-06-10 04:59:43.627619+00', '2020-06-10 04:59:43.627619+00', NULL)
    ,(442, 418, '2020', 'applicant', '2020-06-10 04:59:43.627619+00', '2020-06-10 04:59:43.627619+00', NULL)
    ,(443, 419, '2020', 'applicant', '2020-06-10 04:59:43.627619+00', '2020-06-10 04:59:43.627619+00', NULL)
    ,(444, 420, '2020', 'applicant', '2020-06-10 04:59:43.627619+00', '2020-06-10 04:59:43.627619+00', NULL)
    ,(445, 421, '2020', 'applicant', '2020-06-10 04:59:43.627619+00', '2020-06-10 04:59:43.627619+00', NULL)
    ,(446, 422, '2020', 'applicant', '2020-06-10 04:59:43.627619+00', '2020-06-10 04:59:43.627619+00', NULL)
    ,(447, 423, '2020', 'applicant', '2020-06-10 04:59:43.627619+00', '2020-06-10 04:59:43.627619+00', NULL)
    ,(448, 424, '2020', 'applicant', '2020-06-10 04:59:43.627619+00', '2020-06-10 04:59:43.627619+00', NULL)
    ,(449, 425, '2020', 'applicant', '2020-06-10 04:59:43.627619+00', '2020-06-10 04:59:43.627619+00', NULL)
    ,(450, 426, '2020', 'applicant', '2020-06-10 04:59:43.627619+00', '2020-06-10 04:59:43.627619+00', NULL)
    ,(451, 427, '2020', 'applicant', '2020-06-10 04:59:43.627619+00', '2020-06-10 04:59:43.627619+00', NULL)
    ,(452, 428, '2020', 'applicant', '2020-06-10 04:59:43.627619+00', '2020-06-10 04:59:43.627619+00', NULL)
    ,(453, 429, '2020', 'applicant', '2020-06-10 04:59:43.627619+00', '2020-06-10 04:59:43.627619+00', NULL)
    ,(454, 430, '2020', 'applicant', '2020-06-10 04:59:43.627619+00', '2020-06-10 04:59:43.627619+00', NULL)
    ,(455, 431, '2020', 'applicant', '2020-06-10 04:59:43.627619+00', '2020-06-10 04:59:43.627619+00', NULL)
    ,(456, 432, '2020', 'applicant', '2020-06-10 04:59:43.627619+00', '2020-06-10 04:59:43.627619+00', NULL)
    ,(457, 433, '2020', 'applicant', '2020-06-10 04:59:43.627619+00', '2020-06-10 04:59:43.627619+00', NULL)
    ,(458, 434, '2020', 'applicant', '2020-06-10 04:59:43.627619+00', '2020-06-10 04:59:43.627619+00', NULL)
    ,(459, 435, '2020', 'applicant', '2020-06-10 04:59:43.627619+00', '2020-06-10 04:59:43.627619+00', NULL)
    ,(460, 436, '2020', 'applicant', '2020-06-10 04:59:43.627619+00', '2020-06-10 04:59:43.627619+00', NULL)
    ,(461, 437, '2020', 'applicant', '2020-06-10 04:59:43.627619+00', '2020-06-10 04:59:43.627619+00', NULL)
    ,(462, 438, '2020', 'applicant', '2020-06-10 04:59:43.627619+00', '2020-06-10 04:59:43.627619+00', NULL)
    ,(463, 439, '2020', 'applicant', '2020-06-10 04:59:43.627619+00', '2020-06-10 04:59:43.627619+00', NULL)
    ,(464, 440, '2020', 'applicant', '2020-06-10 04:59:43.627619+00', '2020-06-10 04:59:43.627619+00', NULL)
    ,(465, 441, '2020', 'applicant', '2020-06-10 04:59:43.627619+00', '2020-06-10 04:59:43.627619+00', NULL)
    ,(466, 442, '2020', 'applicant', '2020-06-10 04:59:43.627619+00', '2020-06-10 04:59:43.627619+00', NULL)
    ,(467, 443, '2020', 'applicant', '2020-06-10 04:59:43.627619+00', '2020-06-10 04:59:43.627619+00', NULL)
    ,(468, 444, '2020', 'applicant', '2020-06-10 04:59:43.627619+00', '2020-06-10 04:59:43.627619+00', NULL)
    ,(469, 445, '2020', 'applicant', '2020-06-10 04:59:43.627619+00', '2020-06-10 04:59:43.627619+00', NULL)
    ,(470, 446, '2020', 'applicant', '2020-06-10 04:59:43.627619+00', '2020-06-10 04:59:43.627619+00', NULL)
    ,(471, 447, '2020', 'applicant', '2020-06-10 04:59:43.627619+00', '2020-06-10 04:59:43.627619+00', NULL)
    ,(472, 448, '2020', 'applicant', '2020-06-10 04:59:43.627619+00', '2020-06-10 04:59:43.627619+00', NULL)
    ,(473, 449, '2020', 'applicant', '2020-06-10 04:59:43.627619+00', '2020-06-10 04:59:43.627619+00', NULL)
    ,(474, 450, '2020', 'applicant', '2020-06-10 04:59:43.627619+00', '2020-06-10 04:59:43.627619+00', NULL)
    ,(475, 451, '2020', 'applicant', '2020-06-10 04:59:43.627619+00', '2020-06-10 04:59:43.627619+00', NULL)
    ,(476, 452, '2020', 'applicant', '2020-06-10 04:59:43.627619+00', '2020-06-10 04:59:43.627619+00', NULL)
    ,(477, 453, '2020', 'applicant', '2020-06-10 04:59:43.627619+00', '2020-06-10 04:59:43.627619+00', NULL)
    ,(478, 454, '2020', 'applicant', '2020-06-10 04:59:43.627619+00', '2020-06-10 04:59:43.627619+00', NULL)
    ,(479, 455, '2020', 'applicant', '2020-06-10 04:59:43.627619+00', '2020-06-10 04:59:43.627619+00', NULL)
    ,(480, 456, '2020', 'applicant', '2020-06-10 04:59:43.627619+00', '2020-06-10 04:59:43.627619+00', NULL)
    ,(481, 457, '2020', 'applicant', '2020-06-10 04:59:43.627619+00', '2020-06-10 04:59:43.627619+00', NULL)
    ,(482, 458, '2020', 'applicant', '2020-06-10 04:59:43.627619+00', '2020-06-10 04:59:43.627619+00', NULL)
    ,(483, 459, '2020', 'applicant', '2020-06-10 04:59:43.627619+00', '2020-06-10 04:59:43.627619+00', NULL)
    ,(484, 460, '2020', 'applicant', '2020-06-10 04:59:43.627619+00', '2020-06-10 04:59:43.627619+00', NULL)
    ,(485, 461, '2020', 'applicant', '2020-06-10 04:59:43.627619+00', '2020-06-10 04:59:43.627619+00', NULL)
    ,(486, 462, '2020', 'applicant', '2020-06-10 04:59:43.627619+00', '2020-06-10 04:59:43.627619+00', NULL)
    ,(487, 463, '2020', 'applicant', '2020-06-10 04:59:43.627619+00', '2020-06-10 04:59:43.627619+00', NULL)
    ,(488, 464, '2020', 'applicant', '2020-06-10 04:59:43.627619+00', '2020-06-10 04:59:43.627619+00', NULL)
    ,(489, 465, '2020', 'applicant', '2020-06-10 04:59:43.627619+00', '2020-06-10 04:59:43.627619+00', NULL)
    ,(490, 466, '2020', 'applicant', '2020-06-10 04:59:43.627619+00', '2020-06-10 04:59:43.627619+00', NULL)
    ,(491, 467, '2020', 'applicant', '2020-06-10 04:59:43.627619+00', '2020-06-10 04:59:43.627619+00', NULL)
    ,(492, 468, '2020', 'applicant', '2020-06-10 04:59:43.627619+00', '2020-06-10 04:59:43.627619+00', NULL)
    ,(493, 469, '2020', 'applicant', '2020-06-10 04:59:43.627619+00', '2020-06-10 04:59:43.627619+00', NULL)
    ,(494, 470, '2020', 'applicant', '2020-06-10 04:59:43.627619+00', '2020-06-10 04:59:43.627619+00', NULL)
    ,(495, 471, '2020', 'applicant', '2020-06-10 04:59:43.627619+00', '2020-06-10 04:59:43.627619+00', NULL)
    ,(496, 472, '2020', 'applicant', '2020-06-10 04:59:43.627619+00', '2020-06-10 04:59:43.627619+00', NULL)
    ,(497, 473, '2020', 'applicant', '2020-06-10 04:59:43.627619+00', '2020-06-10 04:59:43.627619+00', NULL)
    ,(498, 474, '2020', 'applicant', '2020-06-10 04:59:43.627619+00', '2020-06-10 04:59:43.627619+00', NULL)
    ,(499, 475, '2020', 'applicant', '2020-06-10 04:59:43.627619+00', '2020-06-10 04:59:43.627619+00', NULL)
    ,(500, 476, '2020', 'applicant', '2020-06-10 04:59:43.627619+00', '2020-06-10 04:59:43.627619+00', NULL)
    ,(501, 477, '2020', 'applicant', '2020-06-10 04:59:43.627619+00', '2020-06-10 04:59:43.627619+00', NULL)
    ,(502, 478, '2020', 'applicant', '2020-06-10 04:59:43.627619+00', '2020-06-10 04:59:43.627619+00', NULL)
    ,(503, 479, '2020', 'applicant', '2020-06-10 04:59:43.627619+00', '2020-06-10 04:59:43.627619+00', NULL)
    ,(504, 480, '2020', 'applicant', '2020-06-10 04:59:43.627619+00', '2020-06-10 04:59:43.627619+00', NULL)
    ,(505, 481, '2020', 'applicant', '2020-06-10 04:59:43.627619+00', '2020-06-10 04:59:43.627619+00', NULL)
    ,(506, 482, '2020', 'applicant', '2020-06-10 04:59:43.627619+00', '2020-06-10 04:59:43.627619+00', NULL)
    ,(507, 483, '2020', 'applicant', '2020-06-10 04:59:43.627619+00', '2020-06-10 04:59:43.627619+00', NULL)
    ,(508, 484, '2020', 'applicant', '2020-06-10 04:59:43.627619+00', '2020-06-10 04:59:43.627619+00', NULL)
    ,(509, 485, '2020', 'applicant', '2020-06-10 04:59:43.627619+00', '2020-06-10 04:59:43.627619+00', NULL)
    ,(510, 486, '2020', 'applicant', '2020-06-10 04:59:43.627619+00', '2020-06-10 04:59:43.627619+00', NULL)
    ,(511, 487, '2020', 'applicant', '2020-06-10 04:59:43.627619+00', '2020-06-10 04:59:43.627619+00', NULL)
    ,(512, 488, '2020', 'applicant', '2020-06-10 04:59:43.627619+00', '2020-06-10 04:59:43.627619+00', NULL)
    ,(513, 489, '2020', 'applicant', '2020-06-10 04:59:43.627619+00', '2020-06-10 04:59:43.627619+00', NULL)
    ,(514, 490, '2020', 'applicant', '2020-06-10 04:59:43.627619+00', '2020-06-10 04:59:43.627619+00', NULL)
    ,(515, 491, '2020', 'applicant', '2020-06-10 04:59:43.627619+00', '2020-06-10 04:59:43.627619+00', NULL)
    ,(516, 492, '2020', 'applicant', '2020-06-10 04:59:43.627619+00', '2020-06-10 04:59:43.627619+00', NULL)
    ,(517, 493, '2020', 'applicant', '2020-06-10 04:59:43.627619+00', '2020-06-10 04:59:43.627619+00', NULL)
    ,(518, 494, '2020', 'applicant', '2020-06-10 04:59:43.627619+00', '2020-06-10 04:59:43.627619+00', NULL)
    ,(519, 495, '2020', 'applicant', '2020-06-10 04:59:43.627619+00', '2020-06-10 04:59:43.627619+00', NULL)
    ,(520, 496, '2020', 'applicant', '2020-06-10 04:59:43.627619+00', '2020-06-10 04:59:43.627619+00', NULL)
    ,(521, 497, '2020', 'applicant', '2020-06-10 04:59:43.627619+00', '2020-06-10 04:59:43.627619+00', NULL)
    ,(522, 498, '2020', 'applicant', '2020-06-10 04:59:43.627619+00', '2020-06-10 04:59:43.627619+00', NULL)
    ,(523, 499, '2020', 'applicant', '2020-06-10 04:59:43.627619+00', '2020-06-10 04:59:43.627619+00', NULL)
    ,(524, 500, '2020', 'applicant', '2020-06-10 04:59:43.627619+00', '2020-06-10 04:59:43.627619+00', NULL)
    ,(525, 501, '2020', 'applicant', '2020-06-10 04:59:43.627619+00', '2020-06-10 04:59:43.627619+00', NULL)
    ,(526, 502, '2020', 'applicant', '2020-06-10 04:59:43.627619+00', '2020-06-10 04:59:43.627619+00', NULL)
    ,(527, 503, '2020', 'applicant', '2020-06-10 04:59:43.627619+00', '2020-06-10 04:59:43.627619+00', NULL)
    ,(528, 504, '2020', 'applicant', '2020-06-10 04:59:43.627619+00', '2020-06-10 04:59:43.627619+00', NULL)
    ,(529, 505, '2020', 'applicant', '2020-06-10 04:59:43.627619+00', '2020-06-10 04:59:43.627619+00', NULL)
    ,(530, 506, '2020', 'applicant', '2020-06-10 04:59:43.627619+00', '2020-06-10 04:59:43.627619+00', NULL)
    ,(531, 507, '2020', 'applicant', '2020-06-10 04:59:43.627619+00', '2020-06-10 04:59:43.627619+00', NULL)
    ,(532, 508, '2020', 'applicant', '2020-06-10 04:59:43.627619+00', '2020-06-10 04:59:43.627619+00', NULL)
    ,(533, 509, '2020', 'applicant', '2020-06-10 04:59:43.627619+00', '2020-06-10 04:59:43.627619+00', NULL)
    ,(534, 510, '2020', 'applicant', '2020-06-10 04:59:43.627619+00', '2020-06-10 04:59:43.627619+00', NULL)
    ,(535, 511, '2020', 'applicant', '2020-06-10 04:59:43.627619+00', '2020-06-10 04:59:43.627619+00', NULL)
    ,(536, 512, '2020', 'applicant', '2020-06-10 04:59:43.627619+00', '2020-06-10 04:59:43.627619+00', NULL)
    ,(537, 513, '2020', 'applicant', '2020-06-10 04:59:43.627619+00', '2020-06-10 04:59:43.627619+00', NULL)
    ,(538, 514, '2020', 'applicant', '2020-06-10 04:59:43.627619+00', '2020-06-10 04:59:43.627619+00', NULL)
    ,(539, 515, '2020', 'applicant', '2020-06-10 04:59:43.627619+00', '2020-06-10 04:59:43.627619+00', NULL)
    ,(540, 516, '2020', 'applicant', '2020-06-10 04:59:43.627619+00', '2020-06-10 04:59:43.627619+00', NULL)
    ,(541, 517, '2020', 'applicant', '2020-06-10 04:59:43.627619+00', '2020-06-10 04:59:43.627619+00', NULL)
    ,(542, 518, '2020', 'applicant', '2020-06-10 04:59:43.627619+00', '2020-06-10 04:59:43.627619+00', NULL)
    ,(543, 519, '2020', 'applicant', '2020-06-10 04:59:43.627619+00', '2020-06-10 04:59:43.627619+00', NULL)
    ,(544, 520, '2020', 'applicant', '2020-06-10 04:59:43.627619+00', '2020-06-10 04:59:43.627619+00', NULL)
    ,(545, 521, '2020', 'applicant', '2020-06-10 04:59:43.627619+00', '2020-06-10 04:59:43.627619+00', NULL)
    ,(546, 522, '2020', 'applicant', '2020-06-10 04:59:43.627619+00', '2020-06-10 04:59:43.627619+00', NULL)
    ,(547, 523, '2020', 'applicant', '2020-06-10 04:59:44.068628+00', '2020-06-10 04:59:44.068628+00', NULL)
    ,(548, 524, '2020', 'applicant', '2020-06-10 04:59:44.068628+00', '2020-06-10 04:59:44.068628+00', NULL)
    ,(549, 525, '2020', 'applicant', '2020-06-10 04:59:44.068628+00', '2020-06-10 04:59:44.068628+00', NULL)
    ,(550, 526, '2020', 'applicant', '2020-06-10 04:59:44.068628+00', '2020-06-10 04:59:44.068628+00', NULL)
    ,(551, 527, '2020', 'applicant', '2020-06-10 04:59:44.068628+00', '2020-06-10 04:59:44.068628+00', NULL)
    ,(552, 528, '2020', 'applicant', '2020-06-10 04:59:44.068628+00', '2020-06-10 04:59:44.068628+00', NULL)
    ,(553, 529, '2020', 'applicant', '2020-06-10 04:59:44.068628+00', '2020-06-10 04:59:44.068628+00', NULL)
    ,(554, 530, '2020', 'applicant', '2020-06-10 04:59:44.068628+00', '2020-06-10 04:59:44.068628+00', NULL)
    ,(555, 531, '2020', 'applicant', '2020-06-10 04:59:44.068628+00', '2020-06-10 04:59:44.068628+00', NULL)
    ,(556, 532, '2020', 'applicant', '2020-06-10 04:59:44.068628+00', '2020-06-10 04:59:44.068628+00', NULL)
    ,(557, 533, '2020', 'applicant', '2020-06-10 04:59:44.068628+00', '2020-06-10 04:59:44.068628+00', NULL)
    ,(558, 534, '2020', 'applicant', '2020-06-10 04:59:44.068628+00', '2020-06-10 04:59:44.068628+00', NULL)
    ,(559, 535, '2020', 'applicant', '2020-06-10 04:59:44.068628+00', '2020-06-10 04:59:44.068628+00', NULL)
    ,(560, 536, '2020', 'applicant', '2020-06-10 04:59:44.068628+00', '2020-06-10 04:59:44.068628+00', NULL)
    ,(561, 537, '2020', 'applicant', '2020-06-10 04:59:44.068628+00', '2020-06-10 04:59:44.068628+00', NULL)
    ,(562, 538, '2020', 'applicant', '2020-06-10 04:59:44.068628+00', '2020-06-10 04:59:44.068628+00', NULL)
    ,(563, 539, '2020', 'applicant', '2020-06-10 04:59:44.068628+00', '2020-06-10 04:59:44.068628+00', NULL)
    ,(564, 540, '2020', 'applicant', '2020-06-10 04:59:44.068628+00', '2020-06-10 04:59:44.068628+00', NULL)
    ,(565, 541, '2020', 'applicant', '2020-06-10 04:59:44.068628+00', '2020-06-10 04:59:44.068628+00', NULL)
    ,(566, 542, '2020', 'applicant', '2020-06-10 04:59:44.068628+00', '2020-06-10 04:59:44.068628+00', NULL)
    ,(567, 543, '2020', 'applicant', '2020-06-10 04:59:44.068628+00', '2020-06-10 04:59:44.068628+00', NULL)
    ,(568, 544, '2020', 'applicant', '2020-06-10 04:59:44.068628+00', '2020-06-10 04:59:44.068628+00', NULL)
    ,(569, 545, '2020', 'applicant', '2020-06-10 04:59:44.068628+00', '2020-06-10 04:59:44.068628+00', NULL)
    ,(570, 546, '2020', 'applicant', '2020-06-10 04:59:44.068628+00', '2020-06-10 04:59:44.068628+00', NULL)
    ,(571, 547, '2020', 'applicant', '2020-06-10 04:59:44.068628+00', '2020-06-10 04:59:44.068628+00', NULL)
    ,(572, 548, '2020', 'applicant', '2020-06-10 04:59:44.068628+00', '2020-06-10 04:59:44.068628+00', NULL)
    ,(573, 549, '2020', 'applicant', '2020-06-10 04:59:44.068628+00', '2020-06-10 04:59:44.068628+00', NULL)
    ,(574, 550, '2020', 'applicant', '2020-06-10 04:59:44.068628+00', '2020-06-10 04:59:44.068628+00', NULL)
    ,(575, 551, '2020', 'applicant', '2020-06-10 04:59:44.068628+00', '2020-06-10 04:59:44.068628+00', NULL)
    ,(576, 552, '2020', 'applicant', '2020-06-10 04:59:44.068628+00', '2020-06-10 04:59:44.068628+00', NULL)
    ,(577, 553, '2020', 'applicant', '2020-06-10 04:59:44.068628+00', '2020-06-10 04:59:44.068628+00', NULL)
    ,(578, 554, '2020', 'applicant', '2020-06-10 04:59:44.068628+00', '2020-06-10 04:59:44.068628+00', NULL)
    ,(579, 555, '2020', 'applicant', '2020-06-10 04:59:44.068628+00', '2020-06-10 04:59:44.068628+00', NULL)
    ,(580, 556, '2020', 'applicant', '2020-06-10 04:59:44.068628+00', '2020-06-10 04:59:44.068628+00', NULL)
    ,(581, 557, '2020', 'applicant', '2020-06-10 04:59:44.068628+00', '2020-06-10 04:59:44.068628+00', NULL)
    ,(582, 558, '2020', 'applicant', '2020-06-10 04:59:44.068628+00', '2020-06-10 04:59:44.068628+00', NULL)
    ,(583, 559, '2020', 'applicant', '2020-06-10 04:59:44.068628+00', '2020-06-10 04:59:44.068628+00', NULL)
    ,(584, 560, '2020', 'applicant', '2020-06-10 04:59:44.068628+00', '2020-06-10 04:59:44.068628+00', NULL)
    ,(585, 561, '2020', 'applicant', '2020-06-10 04:59:44.068628+00', '2020-06-10 04:59:44.068628+00', NULL)
    ,(586, 562, '2020', 'applicant', '2020-06-10 04:59:44.068628+00', '2020-06-10 04:59:44.068628+00', NULL)
    ,(587, 563, '2020', 'applicant', '2020-06-10 04:59:44.068628+00', '2020-06-10 04:59:44.068628+00', NULL)
    ,(588, 564, '2020', 'applicant', '2020-06-10 04:59:44.068628+00', '2020-06-10 04:59:44.068628+00', NULL)
    ,(589, 565, '2020', 'applicant', '2020-06-10 04:59:44.068628+00', '2020-06-10 04:59:44.068628+00', NULL)
    ,(590, 566, '2020', 'applicant', '2020-06-10 04:59:44.068628+00', '2020-06-10 04:59:44.068628+00', NULL)
    ,(591, 567, '2020', 'applicant', '2020-06-10 04:59:44.068628+00', '2020-06-10 04:59:44.068628+00', NULL)
    ,(592, 568, '2020', 'applicant', '2020-06-10 04:59:44.068628+00', '2020-06-10 04:59:44.068628+00', NULL)
    ,(593, 569, '2020', 'applicant', '2020-06-10 04:59:44.068628+00', '2020-06-10 04:59:44.068628+00', NULL)
    ,(594, 570, '2020', 'applicant', '2020-06-10 04:59:44.068628+00', '2020-06-10 04:59:44.068628+00', NULL)
    ,(595, 571, '2020', 'applicant', '2020-06-10 04:59:44.068628+00', '2020-06-10 04:59:44.068628+00', NULL)
    ,(596, 572, '2020', 'applicant', '2020-06-10 04:59:44.068628+00', '2020-06-10 04:59:44.068628+00', NULL)
    ,(597, 573, '2020', 'applicant', '2020-06-10 04:59:44.068628+00', '2020-06-10 04:59:44.068628+00', NULL)
    ,(598, 574, '2020', 'applicant', '2020-06-10 04:59:44.068628+00', '2020-06-10 04:59:44.068628+00', NULL)
    ,(599, 575, '2020', 'applicant', '2020-06-10 04:59:44.068628+00', '2020-06-10 04:59:44.068628+00', NULL)
    ,(600, 576, '2020', 'applicant', '2020-06-10 04:59:44.068628+00', '2020-06-10 04:59:44.068628+00', NULL)
    ,(601, 577, '2020', 'applicant', '2020-06-10 04:59:44.068628+00', '2020-06-10 04:59:44.068628+00', NULL)
    ,(602, 578, '2020', 'applicant', '2020-06-10 04:59:44.068628+00', '2020-06-10 04:59:44.068628+00', NULL)
    ,(603, 579, '2020', 'applicant', '2020-06-10 04:59:44.068628+00', '2020-06-10 04:59:44.068628+00', NULL)
    ,(604, 580, '2020', 'applicant', '2020-06-10 04:59:44.068628+00', '2020-06-10 04:59:44.068628+00', NULL)
    ,(605, 581, '2020', 'applicant', '2020-06-10 04:59:44.068628+00', '2020-06-10 04:59:44.068628+00', NULL)
    ,(606, 582, '2020', 'applicant', '2020-06-10 04:59:44.068628+00', '2020-06-10 04:59:44.068628+00', NULL)
    ,(607, 583, '2020', 'applicant', '2020-06-10 04:59:44.068628+00', '2020-06-10 04:59:44.068628+00', NULL)
    ,(608, 584, '2020', 'applicant', '2020-06-10 04:59:44.068628+00', '2020-06-10 04:59:44.068628+00', NULL)
    ,(609, 585, '2020', 'applicant', '2020-06-10 04:59:44.068628+00', '2020-06-10 04:59:44.068628+00', NULL)
    ,(610, 586, '2020', 'applicant', '2020-06-10 04:59:44.068628+00', '2020-06-10 04:59:44.068628+00', NULL)
    ,(611, 587, '2020', 'applicant', '2020-06-10 04:59:44.068628+00', '2020-06-10 04:59:44.068628+00', NULL)
    ,(612, 588, '2020', 'applicant', '2020-06-10 04:59:44.068628+00', '2020-06-10 04:59:44.068628+00', NULL)
    ,(613, 589, '2020', 'applicant', '2020-06-10 04:59:44.068628+00', '2020-06-10 04:59:44.068628+00', NULL)
    ,(614, 590, '2020', 'applicant', '2020-06-10 04:59:44.068628+00', '2020-06-10 04:59:44.068628+00', NULL)
    ,(615, 591, '2020', 'applicant', '2020-06-10 04:59:44.068628+00', '2020-06-10 04:59:44.068628+00', NULL)
    ,(616, 592, '2020', 'applicant', '2020-06-10 04:59:44.068628+00', '2020-06-10 04:59:44.068628+00', NULL)
    ,(617, 593, '2020', 'applicant', '2020-06-10 04:59:44.068628+00', '2020-06-10 04:59:44.068628+00', NULL)
    ,(618, 594, '2020', 'applicant', '2020-06-10 04:59:44.068628+00', '2020-06-10 04:59:44.068628+00', NULL)
    ,(619, 595, '2020', 'applicant', '2020-06-10 04:59:44.068628+00', '2020-06-10 04:59:44.068628+00', NULL)
    ,(620, 596, '2020', 'applicant', '2020-06-10 04:59:44.068628+00', '2020-06-10 04:59:44.068628+00', NULL)
    ,(621, 597, '2020', 'applicant', '2020-06-10 04:59:44.068628+00', '2020-06-10 04:59:44.068628+00', NULL)
    ,(622, 598, '2020', 'applicant', '2020-06-10 04:59:44.068628+00', '2020-06-10 04:59:44.068628+00', NULL)
    ,(623, 599, '2020', 'applicant', '2020-06-10 04:59:44.068628+00', '2020-06-10 04:59:44.068628+00', NULL)
    ,(624, 600, '2020', 'applicant', '2020-06-10 04:59:44.068628+00', '2020-06-10 04:59:44.068628+00', NULL)
    ,(625, 601, '2020', 'applicant', '2020-06-10 04:59:44.068628+00', '2020-06-10 04:59:44.068628+00', NULL)
    ,(626, 602, '2020', 'applicant', '2020-06-10 04:59:44.068628+00', '2020-06-10 04:59:44.068628+00', NULL)
    ,(627, 603, '2020', 'applicant', '2020-06-10 04:59:44.068628+00', '2020-06-10 04:59:44.068628+00', NULL)
    ,(628, 604, '2020', 'applicant', '2020-06-10 04:59:44.068628+00', '2020-06-10 04:59:44.068628+00', NULL)
    ,(629, 605, '2020', 'applicant', '2020-06-10 04:59:44.068628+00', '2020-06-10 04:59:44.068628+00', NULL)
    ,(630, 606, '2020', 'applicant', '2020-06-10 04:59:44.068628+00', '2020-06-10 04:59:44.068628+00', NULL)
    ,(631, 607, '2020', 'applicant', '2020-06-10 04:59:44.068628+00', '2020-06-10 04:59:44.068628+00', NULL)
    ,(632, 608, '2020', 'applicant', '2020-06-10 04:59:44.068628+00', '2020-06-10 04:59:44.068628+00', NULL)
    ,(633, 609, '2020', 'applicant', '2020-06-10 04:59:44.068628+00', '2020-06-10 04:59:44.068628+00', NULL)
    ,(634, 610, '2020', 'applicant', '2020-06-10 04:59:44.068628+00', '2020-06-10 04:59:44.068628+00', NULL)
    ,(635, 611, '2020', 'applicant', '2020-06-10 04:59:44.068628+00', '2020-06-10 04:59:44.068628+00', NULL)
    ,(636, 612, '2020', 'applicant', '2020-06-10 04:59:44.068628+00', '2020-06-10 04:59:44.068628+00', NULL)
    ,(637, 613, '2020', 'applicant', '2020-06-10 04:59:44.068628+00', '2020-06-10 04:59:44.068628+00', NULL)
    ,(638, 614, '2020', 'applicant', '2020-06-10 04:59:44.068628+00', '2020-06-10 04:59:44.068628+00', NULL)
    ,(639, 615, '2020', 'applicant', '2020-06-10 04:59:44.068628+00', '2020-06-10 04:59:44.068628+00', NULL)
    ,(640, 616, '2020', 'applicant', '2020-06-10 04:59:44.068628+00', '2020-06-10 04:59:44.068628+00', NULL)
    ,(641, 617, '2020', 'applicant', '2020-06-10 04:59:44.068628+00', '2020-06-10 04:59:44.068628+00', NULL)
    ,(642, 618, '2020', 'applicant', '2020-06-10 04:59:44.068628+00', '2020-06-10 04:59:44.068628+00', NULL)
    ,(643, 619, '2020', 'applicant', '2020-06-10 04:59:44.068628+00', '2020-06-10 04:59:44.068628+00', NULL)
    ,(644, 620, '2020', 'applicant', '2020-06-10 04:59:44.068628+00', '2020-06-10 04:59:44.068628+00', NULL)
    ,(645, 621, '2020', 'applicant', '2020-06-10 04:59:44.068628+00', '2020-06-10 04:59:44.068628+00', NULL)
    ,(646, 622, '2020', 'applicant', '2020-06-10 04:59:44.068628+00', '2020-06-10 04:59:44.068628+00', NULL)
    ,(647, 623, '2020', 'applicant', '2020-06-10 04:59:44.068628+00', '2020-06-10 04:59:44.068628+00', NULL)
    ,(648, 624, '2020', 'applicant', '2020-06-10 04:59:44.068628+00', '2020-06-10 04:59:44.068628+00', NULL)
    ,(649, 625, '2020', 'applicant', '2020-06-10 04:59:44.068628+00', '2020-06-10 04:59:44.068628+00', NULL)
    ,(650, 626, '2020', 'applicant', '2020-06-10 04:59:44.068628+00', '2020-06-10 04:59:44.068628+00', NULL)
    ,(651, 627, '2020', 'applicant', '2020-06-10 04:59:44.068628+00', '2020-06-10 04:59:44.068628+00', NULL)
    ,(652, 628, '2020', 'applicant', '2020-06-10 04:59:44.068628+00', '2020-06-10 04:59:44.068628+00', NULL)
;


-- teams
INSERT INTO teams
    (team_id, project_level, project_idea, cohort, status, team_name, mentor_user_role_id, adviser_user_role_id, team_data, created_at, updated_at, deleted_at)
VALUES
    (1, 'apollo', '', '2020', 'ok', 'Aqua x Darkness', 11, 1, NULL, '2020-06-10 04:59:43.526692+00', '2020-06-10 04:59:43.526692+00', NULL)
    ,(2, 'apollo', '', '2020', 'ok', 'Kazuma x Megumin', 11, 1, NULL, '2020-06-10 04:59:43.526692+00', '2020-06-10 04:59:43.526692+00', NULL)
    ,(3, 'apollo', '', '2020', 'ok', 'adolphschweigert x adriannaballweg', 12, 1, NULL, '2020-06-10 04:59:43.526692+00', '2020-06-10 04:59:43.526692+00', NULL)
    ,(4, 'apollo', '', '2020', 'ok', 'tamarmauricio x jacquettapitman', 13, 1, NULL, '2020-06-10 04:59:43.526692+00', '2020-06-10 04:59:43.526692+00', NULL)
    ,(5, 'gemini', '', '2020', 'ok', 'yulandagriest x sharikabrase', NULL, 2, NULL, '2020-06-10 04:59:43.526692+00', '2020-06-10 04:59:43.526692+00', NULL)
    ,(6, 'gemini', '', '2020', 'ok', 'barbaraolinger x kamilahphoenix', NULL, 2, NULL, '2020-06-10 04:59:43.526692+00', '2020-06-10 04:59:43.526692+00', NULL)
    ,(7, 'gemini', '', '2020', 'ok', 'lowellsavarese x cynthiagrand', NULL, 2, NULL, '2020-06-10 04:59:43.526692+00', '2020-06-10 04:59:43.526692+00', NULL)
    ,(8, 'gemini', '', '2020', 'ok', 'shariceneubauer x corrinetarlton', NULL, 2, NULL, '2020-06-10 04:59:43.526692+00', '2020-06-10 04:59:43.526692+00', NULL)
    ,(9, 'vostok', '', '2020', 'ok', 'shanecalo x romanthronson', NULL, 3, NULL, '2020-06-10 04:59:43.526692+00', '2020-06-10 04:59:43.526692+00', NULL)
    ,(10, 'vostok', '', '2020', 'ok', 'celestetown x wondamccluskey', NULL, 3, NULL, '2020-06-10 04:59:43.526692+00', '2020-06-10 04:59:43.526692+00', NULL)
    ,(11, 'vostok', '', '2020', 'ok', 'reginalddillenbeck x deanahaupt', NULL, 3, NULL, '2020-06-10 04:59:43.526692+00', '2020-06-10 04:59:43.526692+00', NULL)
    ,(12, 'vostok', '', '2020', 'ok', 'kandacelauer x shaquanadonley', NULL, 3, NULL, '2020-06-10 04:59:43.526692+00', '2020-06-10 04:59:43.526692+00', NULL)
;


-- applications
INSERT INTO applications
    (application_id, creator_user_role_id, team_id, application_form_id, application_data, cohort, status, team_name, project_level, project_idea, magicstring, submitted, created_at, updated_at, deleted_at)
VALUES
    (1, 16, 1, 1, NULL, '2020', 'accepted', NULL, 'gemini', '', NULL, 1, '2020-06-10 04:59:43.526692+00', '2020-06-10 04:59:43.526692+00', '2020-06-10 04:59:43.526692+00')
    ,(2, 20, 2, 1, NULL, '2020', 'accepted', NULL, 'gemini', '', NULL, 0, '2020-06-10 04:59:43.526692+00', '2020-06-10 04:59:43.526692+00', '2020-06-10 04:59:43.526692+00')
    ,(3, 24, 3, 1, NULL, '2020', 'accepted', NULL, 'gemini', '', NULL, 0, '2020-06-10 04:59:43.526692+00', '2020-06-10 04:59:43.526692+00', '2020-06-10 04:59:43.526692+00')
    ,(4, 28, 4, 1, NULL, '2020', 'accepted', NULL, 'gemini', '', NULL, 0, '2020-06-10 04:59:43.526692+00', '2020-06-10 04:59:43.526692+00', '2020-06-10 04:59:43.526692+00')
    ,(5, 32, 5, 1, NULL, '2020', 'accepted', NULL, 'gemini', '', NULL, 0, '2020-06-10 04:59:43.526692+00', '2020-06-10 04:59:43.526692+00', '2020-06-10 04:59:43.526692+00')
    ,(6, 36, 6, 1, NULL, '2020', 'accepted', NULL, 'gemini', '', NULL, 0, '2020-06-10 04:59:43.526692+00', '2020-06-10 04:59:43.526692+00', '2020-06-10 04:59:43.526692+00')
    ,(7, 40, 7, 1, NULL, '2020', 'accepted', NULL, 'gemini', '', NULL, 0, '2020-06-10 04:59:43.526692+00', '2020-06-10 04:59:43.526692+00', '2020-06-10 04:59:43.526692+00')
    ,(8, 44, 8, 1, NULL, '2020', 'accepted', NULL, 'gemini', '', NULL, 0, '2020-06-10 04:59:43.526692+00', '2020-06-10 04:59:43.526692+00', '2020-06-10 04:59:43.526692+00')
    ,(9, 48, 9, 1, NULL, '2020', 'accepted', NULL, 'gemini', '', NULL, 0, '2020-06-10 04:59:43.526692+00', '2020-06-10 04:59:43.526692+00', '2020-06-10 04:59:43.526692+00')
    ,(10, 52, 10, 1, NULL, '2020', 'accepted', NULL, 'gemini', '', NULL, 0, '2020-06-10 04:59:43.526692+00', '2020-06-10 04:59:43.526692+00', '2020-06-10 04:59:43.526692+00')
    ,(11, 56, 11, 1, NULL, '2020', 'accepted', NULL, 'gemini', '', NULL, 0, '2020-06-10 04:59:43.526692+00', '2020-06-10 04:59:43.526692+00', '2020-06-10 04:59:43.526692+00')
    ,(12, 60, 12, 1, NULL, '2020', 'accepted', NULL, 'gemini', '', NULL, 0, '2020-06-10 04:59:43.526692+00', '2020-06-10 04:59:43.526692+00', '2020-06-10 04:59:43.526692+00')
    ,(13, 64, NULL, 1, NULL, '2020', 'pending', NULL, 'gemini', '', 'd749487383fb4d1f8c2d3a0eb6f1c838', 0, '2020-06-10 04:59:43.526692+00', '2020-06-10 04:59:43.526692+00', NULL)
    ,(14, 65, NULL, 1, NULL, '2020', 'pending', NULL, 'gemini', '', '390013da490b43bab418a4a96d391f38', 0, '2020-06-10 04:59:43.526692+00', '2020-06-10 04:59:43.526692+00', NULL)
    ,(15, 66, NULL, 1, NULL, '2020', 'pending', NULL, 'gemini', '', 'c8b26f1d93ed4352943b60c87f676bcc', 0, '2020-06-10 04:59:43.526692+00', '2020-06-10 04:59:43.526692+00', NULL)
    ,(16, 67, NULL, 1, NULL, '2020', 'pending', NULL, 'gemini', '', NULL, 0, '2020-06-10 04:59:43.627619+00', '2020-06-10 04:59:43.627619+00', NULL)
    ,(17, 69, NULL, 1, NULL, '2020', 'pending', NULL, 'gemini', '', NULL, 0, '2020-06-10 04:59:43.627619+00', '2020-06-10 04:59:43.627619+00', NULL)
    ,(18, 71, NULL, 1, NULL, '2020', 'pending', NULL, 'gemini', '', NULL, 0, '2020-06-10 04:59:43.627619+00', '2020-06-10 04:59:43.627619+00', NULL)
    ,(19, 73, NULL, 1, NULL, '2020', 'pending', NULL, 'gemini', '', NULL, 0, '2020-06-10 04:59:43.627619+00', '2020-06-10 04:59:43.627619+00', NULL)
    ,(20, 75, NULL, 1, NULL, '2020', 'pending', NULL, 'gemini', '', NULL, 0, '2020-06-10 04:59:43.627619+00', '2020-06-10 04:59:43.627619+00', NULL)
    ,(21, 77, NULL, 1, NULL, '2020', 'pending', NULL, 'gemini', '', NULL, 0, '2020-06-10 04:59:43.627619+00', '2020-06-10 04:59:43.627619+00', NULL)
    ,(22, 79, NULL, 1, NULL, '2020', 'pending', NULL, 'gemini', '', NULL, 0, '2020-06-10 04:59:43.627619+00', '2020-06-10 04:59:43.627619+00', NULL)
    ,(23, 81, NULL, 1, NULL, '2020', 'pending', NULL, 'gemini', '', NULL, 0, '2020-06-10 04:59:43.627619+00', '2020-06-10 04:59:43.627619+00', NULL)
    ,(24, 83, NULL, 1, NULL, '2020', 'pending', NULL, 'gemini', '', NULL, 0, '2020-06-10 04:59:43.627619+00', '2020-06-10 04:59:43.627619+00', NULL)
    ,(25, 85, NULL, 1, NULL, '2020', 'pending', NULL, 'gemini', '', NULL, 0, '2020-06-10 04:59:43.627619+00', '2020-06-10 04:59:43.627619+00', NULL)
    ,(26, 87, NULL, 1, NULL, '2020', 'pending', NULL, 'gemini', '', NULL, 0, '2020-06-10 04:59:43.627619+00', '2020-06-10 04:59:43.627619+00', NULL)
    ,(27, 89, NULL, 1, NULL, '2020', 'pending', NULL, 'gemini', '', NULL, 0, '2020-06-10 04:59:43.627619+00', '2020-06-10 04:59:43.627619+00', NULL)
    ,(28, 91, NULL, 1, NULL, '2020', 'pending', NULL, 'gemini', '', NULL, 0, '2020-06-10 04:59:43.627619+00', '2020-06-10 04:59:43.627619+00', NULL)
    ,(29, 93, NULL, 1, NULL, '2020', 'pending', NULL, 'gemini', '', NULL, 0, '2020-06-10 04:59:43.627619+00', '2020-06-10 04:59:43.627619+00', NULL)
    ,(30, 95, NULL, 1, NULL, '2020', 'pending', NULL, 'gemini', '', NULL, 0, '2020-06-10 04:59:43.627619+00', '2020-06-10 04:59:43.627619+00', NULL)
    ,(31, 97, NULL, 1, NULL, '2020', 'pending', NULL, 'gemini', '', NULL, 0, '2020-06-10 04:59:43.627619+00', '2020-06-10 04:59:43.627619+00', NULL)
    ,(32, 99, NULL, 1, NULL, '2020', 'pending', NULL, 'gemini', '', NULL, 0, '2020-06-10 04:59:43.627619+00', '2020-06-10 04:59:43.627619+00', NULL)
    ,(33, 101, NULL, 1, NULL, '2020', 'pending', NULL, 'gemini', '', NULL, 0, '2020-06-10 04:59:43.627619+00', '2020-06-10 04:59:43.627619+00', NULL)
    ,(34, 103, NULL, 1, NULL, '2020', 'pending', NULL, 'gemini', '', NULL, 0, '2020-06-10 04:59:43.627619+00', '2020-06-10 04:59:43.627619+00', NULL)
    ,(35, 105, NULL, 1, NULL, '2020', 'pending', NULL, 'gemini', '', NULL, 0, '2020-06-10 04:59:43.627619+00', '2020-06-10 04:59:43.627619+00', NULL)
    ,(36, 107, NULL, 1, NULL, '2020', 'pending', NULL, 'gemini', '', NULL, 0, '2020-06-10 04:59:43.627619+00', '2020-06-10 04:59:43.627619+00', NULL)
    ,(37, 109, NULL, 1, NULL, '2020', 'pending', NULL, 'gemini', '', NULL, 0, '2020-06-10 04:59:43.627619+00', '2020-06-10 04:59:43.627619+00', NULL)
    ,(38, 111, NULL, 1, NULL, '2020', 'pending', NULL, 'gemini', '', NULL, 0, '2020-06-10 04:59:43.627619+00', '2020-06-10 04:59:43.627619+00', NULL)
    ,(39, 113, NULL, 1, NULL, '2020', 'pending', NULL, 'gemini', '', NULL, 0, '2020-06-10 04:59:43.627619+00', '2020-06-10 04:59:43.627619+00', NULL)
    ,(40, 115, NULL, 1, NULL, '2020', 'pending', NULL, 'gemini', '', NULL, 0, '2020-06-10 04:59:43.627619+00', '2020-06-10 04:59:43.627619+00', NULL)
    ,(41, 117, NULL, 1, NULL, '2020', 'pending', NULL, 'gemini', '', NULL, 0, '2020-06-10 04:59:43.627619+00', '2020-06-10 04:59:43.627619+00', NULL)
    ,(42, 119, NULL, 1, NULL, '2020', 'pending', NULL, 'gemini', '', NULL, 0, '2020-06-10 04:59:43.627619+00', '2020-06-10 04:59:43.627619+00', NULL)
    ,(43, 121, NULL, 1, NULL, '2020', 'pending', NULL, 'gemini', '', NULL, 0, '2020-06-10 04:59:43.627619+00', '2020-06-10 04:59:43.627619+00', NULL)
    ,(44, 123, NULL, 1, NULL, '2020', 'pending', NULL, 'gemini', '', NULL, 0, '2020-06-10 04:59:43.627619+00', '2020-06-10 04:59:43.627619+00', NULL)
    ,(45, 125, NULL, 1, NULL, '2020', 'pending', NULL, 'gemini', '', NULL, 0, '2020-06-10 04:59:43.627619+00', '2020-06-10 04:59:43.627619+00', NULL)
    ,(46, 127, NULL, 1, NULL, '2020', 'pending', NULL, 'gemini', '', NULL, 0, '2020-06-10 04:59:43.627619+00', '2020-06-10 04:59:43.627619+00', NULL)
    ,(47, 129, NULL, 1, NULL, '2020', 'pending', NULL, 'gemini', '', NULL, 0, '2020-06-10 04:59:43.627619+00', '2020-06-10 04:59:43.627619+00', NULL)
    ,(48, 131, NULL, 1, NULL, '2020', 'pending', NULL, 'gemini', '', NULL, 0, '2020-06-10 04:59:43.627619+00', '2020-06-10 04:59:43.627619+00', NULL)
    ,(49, 133, NULL, 1, NULL, '2020', 'pending', NULL, 'gemini', '', NULL, 0, '2020-06-10 04:59:43.627619+00', '2020-06-10 04:59:43.627619+00', NULL)
    ,(50, 135, NULL, 1, NULL, '2020', 'pending', NULL, 'gemini', '', NULL, 0, '2020-06-10 04:59:43.627619+00', '2020-06-10 04:59:43.627619+00', NULL)
    ,(51, 137, NULL, 1, NULL, '2020', 'pending', NULL, 'gemini', '', NULL, 0, '2020-06-10 04:59:43.627619+00', '2020-06-10 04:59:43.627619+00', NULL)
    ,(52, 139, NULL, 1, NULL, '2020', 'pending', NULL, 'gemini', '', NULL, 0, '2020-06-10 04:59:43.627619+00', '2020-06-10 04:59:43.627619+00', NULL)
    ,(53, 141, NULL, 1, NULL, '2020', 'pending', NULL, 'gemini', '', NULL, 0, '2020-06-10 04:59:43.627619+00', '2020-06-10 04:59:43.627619+00', NULL)
    ,(54, 143, NULL, 1, NULL, '2020', 'pending', NULL, 'gemini', '', NULL, 0, '2020-06-10 04:59:43.627619+00', '2020-06-10 04:59:43.627619+00', NULL)
    ,(55, 145, NULL, 1, NULL, '2020', 'pending', NULL, 'gemini', '', NULL, 0, '2020-06-10 04:59:43.627619+00', '2020-06-10 04:59:43.627619+00', NULL)
    ,(56, 147, NULL, 1, NULL, '2020', 'pending', NULL, 'gemini', '', NULL, 0, '2020-06-10 04:59:43.627619+00', '2020-06-10 04:59:43.627619+00', NULL)
    ,(57, 149, NULL, 1, NULL, '2020', 'pending', NULL, 'gemini', '', NULL, 0, '2020-06-10 04:59:43.627619+00', '2020-06-10 04:59:43.627619+00', NULL)
    ,(58, 151, NULL, 1, NULL, '2020', 'pending', NULL, 'gemini', '', NULL, 0, '2020-06-10 04:59:43.627619+00', '2020-06-10 04:59:43.627619+00', NULL)
    ,(59, 153, NULL, 1, NULL, '2020', 'pending', NULL, 'gemini', '', NULL, 0, '2020-06-10 04:59:43.627619+00', '2020-06-10 04:59:43.627619+00', NULL)
    ,(60, 155, NULL, 1, NULL, '2020', 'pending', NULL, 'gemini', '', NULL, 0, '2020-06-10 04:59:43.627619+00', '2020-06-10 04:59:43.627619+00', NULL)
    ,(61, 157, NULL, 1, NULL, '2020', 'pending', NULL, 'gemini', '', NULL, 0, '2020-06-10 04:59:43.627619+00', '2020-06-10 04:59:43.627619+00', NULL)
    ,(62, 159, NULL, 1, NULL, '2020', 'pending', NULL, 'gemini', '', NULL, 0, '2020-06-10 04:59:43.627619+00', '2020-06-10 04:59:43.627619+00', NULL)
    ,(63, 161, NULL, 1, NULL, '2020', 'pending', NULL, 'gemini', '', NULL, 0, '2020-06-10 04:59:43.627619+00', '2020-06-10 04:59:43.627619+00', NULL)
    ,(64, 163, NULL, 1, NULL, '2020', 'pending', NULL, 'gemini', '', NULL, 0, '2020-06-10 04:59:43.627619+00', '2020-06-10 04:59:43.627619+00', NULL)
    ,(65, 165, NULL, 1, NULL, '2020', 'pending', NULL, 'gemini', '', NULL, 0, '2020-06-10 04:59:43.627619+00', '2020-06-10 04:59:43.627619+00', NULL)
    ,(66, 167, NULL, 1, NULL, '2020', 'pending', NULL, 'gemini', '', NULL, 0, '2020-06-10 04:59:43.627619+00', '2020-06-10 04:59:43.627619+00', NULL)
    ,(67, 169, NULL, 1, NULL, '2020', 'pending', NULL, 'gemini', '', NULL, 0, '2020-06-10 04:59:43.627619+00', '2020-06-10 04:59:43.627619+00', NULL)
    ,(68, 171, NULL, 1, NULL, '2020', 'pending', NULL, 'gemini', '', NULL, 0, '2020-06-10 04:59:43.627619+00', '2020-06-10 04:59:43.627619+00', NULL)
    ,(69, 173, NULL, 1, NULL, '2020', 'pending', NULL, 'gemini', '', NULL, 0, '2020-06-10 04:59:43.627619+00', '2020-06-10 04:59:43.627619+00', NULL)
    ,(70, 175, NULL, 1, NULL, '2020', 'pending', NULL, 'gemini', '', NULL, 0, '2020-06-10 04:59:43.627619+00', '2020-06-10 04:59:43.627619+00', NULL)
    ,(71, 177, NULL, 1, NULL, '2020', 'pending', NULL, 'gemini', '', NULL, 0, '2020-06-10 04:59:43.627619+00', '2020-06-10 04:59:43.627619+00', NULL)
    ,(72, 179, NULL, 1, NULL, '2020', 'pending', NULL, 'gemini', '', NULL, 0, '2020-06-10 04:59:43.627619+00', '2020-06-10 04:59:43.627619+00', NULL)
    ,(73, 181, NULL, 1, NULL, '2020', 'pending', NULL, 'gemini', '', NULL, 0, '2020-06-10 04:59:43.627619+00', '2020-06-10 04:59:43.627619+00', NULL)
    ,(74, 183, NULL, 1, NULL, '2020', 'pending', NULL, 'gemini', '', NULL, 0, '2020-06-10 04:59:43.627619+00', '2020-06-10 04:59:43.627619+00', NULL)
    ,(75, 185, NULL, 1, NULL, '2020', 'pending', NULL, 'gemini', '', NULL, 0, '2020-06-10 04:59:43.627619+00', '2020-06-10 04:59:43.627619+00', NULL)
    ,(76, 187, NULL, 1, NULL, '2020', 'pending', NULL, 'gemini', '', NULL, 0, '2020-06-10 04:59:43.627619+00', '2020-06-10 04:59:43.627619+00', NULL)
    ,(77, 189, NULL, 1, NULL, '2020', 'pending', NULL, 'gemini', '', NULL, 0, '2020-06-10 04:59:43.627619+00', '2020-06-10 04:59:43.627619+00', NULL)
    ,(78, 191, NULL, 1, NULL, '2020', 'pending', NULL, 'gemini', '', NULL, 0, '2020-06-10 04:59:43.627619+00', '2020-06-10 04:59:43.627619+00', NULL)
    ,(79, 193, NULL, 1, NULL, '2020', 'pending', NULL, 'gemini', '', NULL, 0, '2020-06-10 04:59:43.627619+00', '2020-06-10 04:59:43.627619+00', NULL)
    ,(80, 195, NULL, 1, NULL, '2020', 'pending', NULL, 'gemini', '', NULL, 0, '2020-06-10 04:59:43.627619+00', '2020-06-10 04:59:43.627619+00', NULL)
    ,(81, 197, NULL, 1, NULL, '2020', 'pending', NULL, 'gemini', '', NULL, 0, '2020-06-10 04:59:43.627619+00', '2020-06-10 04:59:43.627619+00', NULL)
    ,(82, 199, NULL, 1, NULL, '2020', 'pending', NULL, 'gemini', '', NULL, 0, '2020-06-10 04:59:43.627619+00', '2020-06-10 04:59:43.627619+00', NULL)
    ,(83, 201, NULL, 1, NULL, '2020', 'pending', NULL, 'gemini', '', NULL, 0, '2020-06-10 04:59:43.627619+00', '2020-06-10 04:59:43.627619+00', NULL)
    ,(84, 203, NULL, 1, NULL, '2020', 'pending', NULL, 'gemini', '', NULL, 0, '2020-06-10 04:59:43.627619+00', '2020-06-10 04:59:43.627619+00', NULL)
    ,(85, 205, NULL, 1, NULL, '2020', 'pending', NULL, 'gemini', '', NULL, 0, '2020-06-10 04:59:43.627619+00', '2020-06-10 04:59:43.627619+00', NULL)
    ,(86, 207, NULL, 1, NULL, '2020', 'pending', NULL, 'gemini', '', NULL, 0, '2020-06-10 04:59:43.627619+00', '2020-06-10 04:59:43.627619+00', NULL)
    ,(87, 209, NULL, 1, NULL, '2020', 'pending', NULL, 'gemini', '', NULL, 0, '2020-06-10 04:59:43.627619+00', '2020-06-10 04:59:43.627619+00', NULL)
    ,(88, 211, NULL, 1, NULL, '2020', 'pending', NULL, 'gemini', '', NULL, 0, '2020-06-10 04:59:43.627619+00', '2020-06-10 04:59:43.627619+00', NULL)
    ,(89, 213, NULL, 1, NULL, '2020', 'pending', NULL, 'gemini', '', NULL, 0, '2020-06-10 04:59:43.627619+00', '2020-06-10 04:59:43.627619+00', NULL)
    ,(90, 215, NULL, 1, NULL, '2020', 'pending', NULL, 'gemini', '', NULL, 0, '2020-06-10 04:59:43.627619+00', '2020-06-10 04:59:43.627619+00', NULL)
    ,(91, 217, NULL, 1, NULL, '2020', 'pending', NULL, 'gemini', '', NULL, 0, '2020-06-10 04:59:43.627619+00', '2020-06-10 04:59:43.627619+00', NULL)
    ,(92, 219, NULL, 1, NULL, '2020', 'pending', NULL, 'gemini', '', NULL, 0, '2020-06-10 04:59:43.627619+00', '2020-06-10 04:59:43.627619+00', NULL)
    ,(93, 221, NULL, 1, NULL, '2020', 'pending', NULL, 'gemini', '', NULL, 0, '2020-06-10 04:59:43.627619+00', '2020-06-10 04:59:43.627619+00', NULL)
    ,(94, 223, NULL, 1, NULL, '2020', 'pending', NULL, 'gemini', '', NULL, 0, '2020-06-10 04:59:43.627619+00', '2020-06-10 04:59:43.627619+00', NULL)
    ,(95, 225, NULL, 1, NULL, '2020', 'pending', NULL, 'gemini', '', NULL, 0, '2020-06-10 04:59:43.627619+00', '2020-06-10 04:59:43.627619+00', NULL)
    ,(96, 227, NULL, 1, NULL, '2020', 'pending', NULL, 'gemini', '', NULL, 0, '2020-06-10 04:59:43.627619+00', '2020-06-10 04:59:43.627619+00', NULL)
    ,(97, 229, NULL, 1, NULL, '2020', 'pending', NULL, 'gemini', '', NULL, 0, '2020-06-10 04:59:43.627619+00', '2020-06-10 04:59:43.627619+00', NULL)
    ,(98, 231, NULL, 1, NULL, '2020', 'pending', NULL, 'gemini', '', NULL, 0, '2020-06-10 04:59:43.627619+00', '2020-06-10 04:59:43.627619+00', NULL)
    ,(99, 233, NULL, 1, NULL, '2020', 'pending', NULL, 'gemini', '', NULL, 0, '2020-06-10 04:59:43.627619+00', '2020-06-10 04:59:43.627619+00', NULL)
    ,(100, 235, NULL, 1, NULL, '2020', 'pending', NULL, 'gemini', '', NULL, 0, '2020-06-10 04:59:43.627619+00', '2020-06-10 04:59:43.627619+00', NULL)
    ,(101, 237, NULL, 1, NULL, '2020', 'pending', NULL, 'gemini', '', NULL, 0, '2020-06-10 04:59:43.627619+00', '2020-06-10 04:59:43.627619+00', NULL)
    ,(102, 239, NULL, 1, NULL, '2020', 'pending', NULL, 'gemini', '', NULL, 0, '2020-06-10 04:59:43.627619+00', '2020-06-10 04:59:43.627619+00', NULL)
    ,(103, 241, NULL, 1, NULL, '2020', 'pending', NULL, 'gemini', '', NULL, 0, '2020-06-10 04:59:43.627619+00', '2020-06-10 04:59:43.627619+00', NULL)
    ,(104, 243, NULL, 1, NULL, '2020', 'pending', NULL, 'gemini', '', NULL, 0, '2020-06-10 04:59:43.627619+00', '2020-06-10 04:59:43.627619+00', NULL)
    ,(105, 245, NULL, 1, NULL, '2020', 'pending', NULL, 'gemini', '', NULL, 0, '2020-06-10 04:59:43.627619+00', '2020-06-10 04:59:43.627619+00', NULL)
    ,(106, 247, NULL, 1, NULL, '2020', 'pending', NULL, 'gemini', '', NULL, 0, '2020-06-10 04:59:43.627619+00', '2020-06-10 04:59:43.627619+00', NULL)
    ,(107, 249, NULL, 1, NULL, '2020', 'pending', NULL, 'gemini', '', NULL, 0, '2020-06-10 04:59:43.627619+00', '2020-06-10 04:59:43.627619+00', NULL)
    ,(108, 251, NULL, 1, NULL, '2020', 'pending', NULL, 'gemini', '', NULL, 0, '2020-06-10 04:59:43.627619+00', '2020-06-10 04:59:43.627619+00', NULL)
    ,(109, 253, NULL, 1, NULL, '2020', 'pending', NULL, 'gemini', '', NULL, 0, '2020-06-10 04:59:43.627619+00', '2020-06-10 04:59:43.627619+00', NULL)
    ,(110, 255, NULL, 1, NULL, '2020', 'pending', NULL, 'gemini', '', NULL, 0, '2020-06-10 04:59:43.627619+00', '2020-06-10 04:59:43.627619+00', NULL)
    ,(111, 257, NULL, 1, NULL, '2020', 'pending', NULL, 'gemini', '', NULL, 0, '2020-06-10 04:59:43.627619+00', '2020-06-10 04:59:43.627619+00', NULL)
    ,(112, 259, NULL, 1, NULL, '2020', 'pending', NULL, 'gemini', '', NULL, 0, '2020-06-10 04:59:43.627619+00', '2020-06-10 04:59:43.627619+00', NULL)
    ,(113, 261, NULL, 1, NULL, '2020', 'pending', NULL, 'gemini', '', NULL, 0, '2020-06-10 04:59:43.627619+00', '2020-06-10 04:59:43.627619+00', NULL)
    ,(114, 263, NULL, 1, NULL, '2020', 'pending', NULL, 'gemini', '', NULL, 0, '2020-06-10 04:59:43.627619+00', '2020-06-10 04:59:43.627619+00', NULL)
    ,(115, 265, NULL, 1, NULL, '2020', 'pending', NULL, 'gemini', '', NULL, 0, '2020-06-10 04:59:43.627619+00', '2020-06-10 04:59:43.627619+00', NULL)
    ,(116, 267, NULL, 1, NULL, '2020', 'pending', NULL, 'gemini', '', NULL, 0, '2020-06-10 04:59:43.627619+00', '2020-06-10 04:59:43.627619+00', NULL)
    ,(117, 269, NULL, 1, NULL, '2020', 'pending', NULL, 'gemini', '', NULL, 0, '2020-06-10 04:59:43.627619+00', '2020-06-10 04:59:43.627619+00', NULL)
    ,(118, 271, NULL, 1, NULL, '2020', 'pending', NULL, 'gemini', '', NULL, 0, '2020-06-10 04:59:43.627619+00', '2020-06-10 04:59:43.627619+00', NULL)
    ,(119, 273, NULL, 1, NULL, '2020', 'pending', NULL, 'gemini', '', NULL, 0, '2020-06-10 04:59:43.627619+00', '2020-06-10 04:59:43.627619+00', NULL)
    ,(120, 275, NULL, 1, NULL, '2020', 'pending', NULL, 'gemini', '', NULL, 0, '2020-06-10 04:59:43.627619+00', '2020-06-10 04:59:43.627619+00', NULL)
    ,(121, 277, NULL, 1, NULL, '2020', 'pending', NULL, 'gemini', '', NULL, 0, '2020-06-10 04:59:43.627619+00', '2020-06-10 04:59:43.627619+00', NULL)
    ,(122, 279, NULL, 1, NULL, '2020', 'pending', NULL, 'gemini', '', NULL, 0, '2020-06-10 04:59:43.627619+00', '2020-06-10 04:59:43.627619+00', NULL)
    ,(123, 281, NULL, 1, NULL, '2020', 'pending', NULL, 'gemini', '', NULL, 0, '2020-06-10 04:59:43.627619+00', '2020-06-10 04:59:43.627619+00', NULL)
    ,(124, 283, NULL, 1, NULL, '2020', 'pending', NULL, 'gemini', '', NULL, 0, '2020-06-10 04:59:43.627619+00', '2020-06-10 04:59:43.627619+00', NULL)
    ,(125, 285, NULL, 1, NULL, '2020', 'pending', NULL, 'gemini', '', NULL, 0, '2020-06-10 04:59:43.627619+00', '2020-06-10 04:59:43.627619+00', NULL)
    ,(126, 287, NULL, 1, NULL, '2020', 'pending', NULL, 'gemini', '', NULL, 0, '2020-06-10 04:59:43.627619+00', '2020-06-10 04:59:43.627619+00', NULL)
    ,(127, 289, NULL, 1, NULL, '2020', 'pending', NULL, 'gemini', '', NULL, 0, '2020-06-10 04:59:43.627619+00', '2020-06-10 04:59:43.627619+00', NULL)
    ,(128, 291, NULL, 1, NULL, '2020', 'pending', NULL, 'gemini', '', NULL, 0, '2020-06-10 04:59:43.627619+00', '2020-06-10 04:59:43.627619+00', NULL)
    ,(129, 293, NULL, 1, NULL, '2020', 'pending', NULL, 'gemini', '', NULL, 0, '2020-06-10 04:59:43.627619+00', '2020-06-10 04:59:43.627619+00', NULL)
    ,(130, 295, NULL, 1, NULL, '2020', 'pending', NULL, 'gemini', '', NULL, 0, '2020-06-10 04:59:43.627619+00', '2020-06-10 04:59:43.627619+00', NULL)
    ,(131, 297, NULL, 1, NULL, '2020', 'pending', NULL, 'gemini', '', NULL, 0, '2020-06-10 04:59:43.627619+00', '2020-06-10 04:59:43.627619+00', NULL)
    ,(132, 299, NULL, 1, NULL, '2020', 'pending', NULL, 'gemini', '', NULL, 0, '2020-06-10 04:59:43.627619+00', '2020-06-10 04:59:43.627619+00', NULL)
    ,(133, 301, NULL, 1, NULL, '2020', 'pending', NULL, 'gemini', '', NULL, 0, '2020-06-10 04:59:43.627619+00', '2020-06-10 04:59:43.627619+00', NULL)
    ,(134, 303, NULL, 1, NULL, '2020', 'pending', NULL, 'gemini', '', NULL, 0, '2020-06-10 04:59:43.627619+00', '2020-06-10 04:59:43.627619+00', NULL)
    ,(135, 305, NULL, 1, NULL, '2020', 'pending', NULL, 'gemini', '', NULL, 0, '2020-06-10 04:59:43.627619+00', '2020-06-10 04:59:43.627619+00', NULL)
    ,(136, 307, NULL, 1, NULL, '2020', 'pending', NULL, 'gemini', '', NULL, 0, '2020-06-10 04:59:43.627619+00', '2020-06-10 04:59:43.627619+00', NULL)
    ,(137, 309, NULL, 1, NULL, '2020', 'pending', NULL, 'gemini', '', NULL, 0, '2020-06-10 04:59:43.627619+00', '2020-06-10 04:59:43.627619+00', NULL)
    ,(138, 311, NULL, 1, NULL, '2020', 'pending', NULL, 'gemini', '', NULL, 0, '2020-06-10 04:59:43.627619+00', '2020-06-10 04:59:43.627619+00', NULL)
    ,(139, 313, NULL, 1, NULL, '2020', 'pending', NULL, 'gemini', '', NULL, 0, '2020-06-10 04:59:43.627619+00', '2020-06-10 04:59:43.627619+00', NULL)
    ,(140, 315, NULL, 1, NULL, '2020', 'pending', NULL, 'gemini', '', NULL, 0, '2020-06-10 04:59:43.627619+00', '2020-06-10 04:59:43.627619+00', NULL)
    ,(141, 317, NULL, 1, NULL, '2020', 'pending', NULL, 'gemini', '', NULL, 0, '2020-06-10 04:59:43.627619+00', '2020-06-10 04:59:43.627619+00', NULL)
    ,(142, 319, NULL, 1, NULL, '2020', 'pending', NULL, 'gemini', '', NULL, 0, '2020-06-10 04:59:43.627619+00', '2020-06-10 04:59:43.627619+00', NULL)
    ,(143, 321, NULL, 1, NULL, '2020', 'pending', NULL, 'gemini', '', NULL, 0, '2020-06-10 04:59:43.627619+00', '2020-06-10 04:59:43.627619+00', NULL)
    ,(144, 323, NULL, 1, NULL, '2020', 'pending', NULL, 'gemini', '', NULL, 0, '2020-06-10 04:59:43.627619+00', '2020-06-10 04:59:43.627619+00', NULL)
    ,(145, 325, NULL, 1, NULL, '2020', 'pending', NULL, 'gemini', '', NULL, 0, '2020-06-10 04:59:43.627619+00', '2020-06-10 04:59:43.627619+00', NULL)
    ,(146, 327, NULL, 1, NULL, '2020', 'pending', NULL, 'gemini', '', NULL, 0, '2020-06-10 04:59:43.627619+00', '2020-06-10 04:59:43.627619+00', NULL)
    ,(147, 329, NULL, 1, NULL, '2020', 'pending', NULL, 'gemini', '', NULL, 0, '2020-06-10 04:59:43.627619+00', '2020-06-10 04:59:43.627619+00', NULL)
    ,(148, 331, NULL, 1, NULL, '2020', 'pending', NULL, 'gemini', '', NULL, 0, '2020-06-10 04:59:43.627619+00', '2020-06-10 04:59:43.627619+00', NULL)
    ,(149, 333, NULL, 1, NULL, '2020', 'pending', NULL, 'gemini', '', NULL, 0, '2020-06-10 04:59:43.627619+00', '2020-06-10 04:59:43.627619+00', NULL)
    ,(150, 335, NULL, 1, NULL, '2020', 'pending', NULL, 'gemini', '', NULL, 0, '2020-06-10 04:59:43.627619+00', '2020-06-10 04:59:43.627619+00', NULL)
    ,(151, 337, NULL, 1, NULL, '2020', 'pending', NULL, 'gemini', '', NULL, 0, '2020-06-10 04:59:43.627619+00', '2020-06-10 04:59:43.627619+00', NULL)
    ,(152, 339, NULL, 1, NULL, '2020', 'pending', NULL, 'gemini', '', NULL, 0, '2020-06-10 04:59:43.627619+00', '2020-06-10 04:59:43.627619+00', NULL)
    ,(153, 341, NULL, 1, NULL, '2020', 'pending', NULL, 'gemini', '', NULL, 0, '2020-06-10 04:59:43.627619+00', '2020-06-10 04:59:43.627619+00', NULL)
    ,(154, 343, NULL, 1, NULL, '2020', 'pending', NULL, 'gemini', '', NULL, 0, '2020-06-10 04:59:43.627619+00', '2020-06-10 04:59:43.627619+00', NULL)
    ,(155, 345, NULL, 1, NULL, '2020', 'pending', NULL, 'gemini', '', NULL, 0, '2020-06-10 04:59:43.627619+00', '2020-06-10 04:59:43.627619+00', NULL)
    ,(156, 347, NULL, 1, NULL, '2020', 'pending', NULL, 'gemini', '', NULL, 0, '2020-06-10 04:59:43.627619+00', '2020-06-10 04:59:43.627619+00', NULL)
    ,(157, 349, NULL, 1, NULL, '2020', 'pending', NULL, 'gemini', '', NULL, 0, '2020-06-10 04:59:43.627619+00', '2020-06-10 04:59:43.627619+00', NULL)
    ,(158, 351, NULL, 1, NULL, '2020', 'pending', NULL, 'gemini', '', NULL, 0, '2020-06-10 04:59:43.627619+00', '2020-06-10 04:59:43.627619+00', NULL)
    ,(159, 353, NULL, 1, NULL, '2020', 'pending', NULL, 'gemini', '', NULL, 0, '2020-06-10 04:59:43.627619+00', '2020-06-10 04:59:43.627619+00', NULL)
    ,(160, 355, NULL, 1, NULL, '2020', 'pending', NULL, 'gemini', '', NULL, 0, '2020-06-10 04:59:43.627619+00', '2020-06-10 04:59:43.627619+00', NULL)
    ,(161, 357, NULL, 1, NULL, '2020', 'pending', NULL, 'gemini', '', NULL, 0, '2020-06-10 04:59:43.627619+00', '2020-06-10 04:59:43.627619+00', NULL)
    ,(162, 359, NULL, 1, NULL, '2020', 'pending', NULL, 'gemini', '', NULL, 0, '2020-06-10 04:59:43.627619+00', '2020-06-10 04:59:43.627619+00', NULL)
    ,(163, 361, NULL, 1, NULL, '2020', 'pending', NULL, 'gemini', '', NULL, 0, '2020-06-10 04:59:43.627619+00', '2020-06-10 04:59:43.627619+00', NULL)
    ,(164, 363, NULL, 1, NULL, '2020', 'pending', NULL, 'gemini', '', NULL, 0, '2020-06-10 04:59:43.627619+00', '2020-06-10 04:59:43.627619+00', NULL)
    ,(165, 365, NULL, 1, NULL, '2020', 'pending', NULL, 'gemini', '', NULL, 0, '2020-06-10 04:59:43.627619+00', '2020-06-10 04:59:43.627619+00', NULL)
    ,(166, 367, NULL, 1, NULL, '2020', 'pending', NULL, 'gemini', '', NULL, 0, '2020-06-10 04:59:43.627619+00', '2020-06-10 04:59:43.627619+00', NULL)
    ,(167, 369, NULL, 1, NULL, '2020', 'pending', NULL, 'gemini', '', NULL, 0, '2020-06-10 04:59:43.627619+00', '2020-06-10 04:59:43.627619+00', NULL)
    ,(168, 371, NULL, 1, NULL, '2020', 'pending', NULL, 'gemini', '', NULL, 0, '2020-06-10 04:59:43.627619+00', '2020-06-10 04:59:43.627619+00', NULL)
    ,(169, 373, NULL, 1, NULL, '2020', 'pending', NULL, 'gemini', '', NULL, 0, '2020-06-10 04:59:43.627619+00', '2020-06-10 04:59:43.627619+00', NULL)
    ,(170, 375, NULL, 1, NULL, '2020', 'pending', NULL, 'gemini', '', NULL, 0, '2020-06-10 04:59:43.627619+00', '2020-06-10 04:59:43.627619+00', NULL)
    ,(171, 377, NULL, 1, NULL, '2020', 'pending', NULL, 'gemini', '', NULL, 0, '2020-06-10 04:59:43.627619+00', '2020-06-10 04:59:43.627619+00', NULL)
    ,(172, 379, NULL, 1, NULL, '2020', 'pending', NULL, 'gemini', '', NULL, 0, '2020-06-10 04:59:43.627619+00', '2020-06-10 04:59:43.627619+00', NULL)
    ,(173, 381, NULL, 1, NULL, '2020', 'pending', NULL, 'gemini', '', NULL, 0, '2020-06-10 04:59:43.627619+00', '2020-06-10 04:59:43.627619+00', NULL)
    ,(174, 383, NULL, 1, NULL, '2020', 'pending', NULL, 'gemini', '', NULL, 0, '2020-06-10 04:59:43.627619+00', '2020-06-10 04:59:43.627619+00', NULL)
    ,(175, 385, NULL, 1, NULL, '2020', 'pending', NULL, 'gemini', '', NULL, 0, '2020-06-10 04:59:43.627619+00', '2020-06-10 04:59:43.627619+00', NULL)
    ,(176, 387, NULL, 1, NULL, '2020', 'pending', NULL, 'gemini', '', NULL, 0, '2020-06-10 04:59:43.627619+00', '2020-06-10 04:59:43.627619+00', NULL)
    ,(177, 389, NULL, 1, NULL, '2020', 'pending', NULL, 'gemini', '', NULL, 0, '2020-06-10 04:59:43.627619+00', '2020-06-10 04:59:43.627619+00', NULL)
    ,(178, 391, NULL, 1, NULL, '2020', 'pending', NULL, 'gemini', '', NULL, 0, '2020-06-10 04:59:43.627619+00', '2020-06-10 04:59:43.627619+00', NULL)
    ,(179, 393, NULL, 1, NULL, '2020', 'pending', NULL, 'gemini', '', NULL, 0, '2020-06-10 04:59:43.627619+00', '2020-06-10 04:59:43.627619+00', NULL)
    ,(180, 395, NULL, 1, NULL, '2020', 'pending', NULL, 'gemini', '', NULL, 0, '2020-06-10 04:59:43.627619+00', '2020-06-10 04:59:43.627619+00', NULL)
    ,(181, 397, NULL, 1, NULL, '2020', 'pending', NULL, 'gemini', '', NULL, 0, '2020-06-10 04:59:43.627619+00', '2020-06-10 04:59:43.627619+00', NULL)
    ,(182, 399, NULL, 1, NULL, '2020', 'pending', NULL, 'gemini', '', NULL, 0, '2020-06-10 04:59:43.627619+00', '2020-06-10 04:59:43.627619+00', NULL)
    ,(183, 401, NULL, 1, NULL, '2020', 'pending', NULL, 'gemini', '', NULL, 0, '2020-06-10 04:59:43.627619+00', '2020-06-10 04:59:43.627619+00', NULL)
    ,(184, 403, NULL, 1, NULL, '2020', 'pending', NULL, 'gemini', '', NULL, 0, '2020-06-10 04:59:43.627619+00', '2020-06-10 04:59:43.627619+00', NULL)
    ,(185, 405, NULL, 1, NULL, '2020', 'pending', NULL, 'gemini', '', NULL, 0, '2020-06-10 04:59:43.627619+00', '2020-06-10 04:59:43.627619+00', NULL)
    ,(186, 407, NULL, 1, NULL, '2020', 'pending', NULL, 'gemini', '', NULL, 0, '2020-06-10 04:59:43.627619+00', '2020-06-10 04:59:43.627619+00', NULL)
    ,(187, 409, NULL, 1, NULL, '2020', 'pending', NULL, 'gemini', '', NULL, 0, '2020-06-10 04:59:43.627619+00', '2020-06-10 04:59:43.627619+00', NULL)
    ,(188, 411, NULL, 1, NULL, '2020', 'pending', NULL, 'gemini', '', NULL, 0, '2020-06-10 04:59:43.627619+00', '2020-06-10 04:59:43.627619+00', NULL)
    ,(189, 413, NULL, 1, NULL, '2020', 'pending', NULL, 'gemini', '', NULL, 0, '2020-06-10 04:59:43.627619+00', '2020-06-10 04:59:43.627619+00', NULL)
    ,(190, 415, NULL, 1, NULL, '2020', 'pending', NULL, 'gemini', '', NULL, 0, '2020-06-10 04:59:43.627619+00', '2020-06-10 04:59:43.627619+00', NULL)
    ,(191, 417, NULL, 1, NULL, '2020', 'pending', NULL, 'gemini', '', NULL, 0, '2020-06-10 04:59:43.627619+00', '2020-06-10 04:59:43.627619+00', NULL)
    ,(192, 419, NULL, 1, NULL, '2020', 'pending', NULL, 'gemini', '', NULL, 0, '2020-06-10 04:59:43.627619+00', '2020-06-10 04:59:43.627619+00', NULL)
    ,(193, 421, NULL, 1, NULL, '2020', 'pending', NULL, 'gemini', '', NULL, 0, '2020-06-10 04:59:43.627619+00', '2020-06-10 04:59:43.627619+00', NULL)
    ,(194, 423, NULL, 1, NULL, '2020', 'pending', NULL, 'gemini', '', NULL, 0, '2020-06-10 04:59:43.627619+00', '2020-06-10 04:59:43.627619+00', NULL)
    ,(195, 425, NULL, 1, NULL, '2020', 'pending', NULL, 'gemini', '', NULL, 0, '2020-06-10 04:59:43.627619+00', '2020-06-10 04:59:43.627619+00', NULL)
    ,(196, 427, NULL, 1, NULL, '2020', 'pending', NULL, 'gemini', '', NULL, 0, '2020-06-10 04:59:43.627619+00', '2020-06-10 04:59:43.627619+00', NULL)
    ,(197, 429, NULL, 1, NULL, '2020', 'pending', NULL, 'gemini', '', NULL, 0, '2020-06-10 04:59:43.627619+00', '2020-06-10 04:59:43.627619+00', NULL)
    ,(198, 431, NULL, 1, NULL, '2020', 'pending', NULL, 'gemini', '', NULL, 0, '2020-06-10 04:59:43.627619+00', '2020-06-10 04:59:43.627619+00', NULL)
    ,(199, 433, NULL, 1, NULL, '2020', 'pending', NULL, 'gemini', '', NULL, 0, '2020-06-10 04:59:43.627619+00', '2020-06-10 04:59:43.627619+00', NULL)
    ,(200, 435, NULL, 1, NULL, '2020', 'pending', NULL, 'gemini', '', NULL, 0, '2020-06-10 04:59:43.627619+00', '2020-06-10 04:59:43.627619+00', NULL)
    ,(201, 437, NULL, 1, NULL, '2020', 'pending', NULL, 'gemini', '', NULL, 0, '2020-06-10 04:59:43.627619+00', '2020-06-10 04:59:43.627619+00', NULL)
    ,(202, 439, NULL, 1, NULL, '2020', 'pending', NULL, 'gemini', '', NULL, 0, '2020-06-10 04:59:43.627619+00', '2020-06-10 04:59:43.627619+00', NULL)
    ,(203, 441, NULL, 1, NULL, '2020', 'pending', NULL, 'gemini', '', NULL, 0, '2020-06-10 04:59:43.627619+00', '2020-06-10 04:59:43.627619+00', NULL)
    ,(204, 443, NULL, 1, NULL, '2020', 'pending', NULL, 'gemini', '', NULL, 0, '2020-06-10 04:59:43.627619+00', '2020-06-10 04:59:43.627619+00', NULL)
    ,(205, 445, NULL, 1, NULL, '2020', 'pending', NULL, 'gemini', '', NULL, 0, '2020-06-10 04:59:43.627619+00', '2020-06-10 04:59:43.627619+00', NULL)
    ,(206, 447, NULL, 1, NULL, '2020', 'pending', NULL, 'gemini', '', NULL, 0, '2020-06-10 04:59:43.627619+00', '2020-06-10 04:59:43.627619+00', NULL)
    ,(207, 449, NULL, 1, NULL, '2020', 'pending', NULL, 'gemini', '', NULL, 0, '2020-06-10 04:59:43.627619+00', '2020-06-10 04:59:43.627619+00', NULL)
    ,(208, 451, NULL, 1, NULL, '2020', 'pending', NULL, 'gemini', '', NULL, 0, '2020-06-10 04:59:43.627619+00', '2020-06-10 04:59:43.627619+00', NULL)
    ,(209, 453, NULL, 1, NULL, '2020', 'pending', NULL, 'gemini', '', NULL, 0, '2020-06-10 04:59:43.627619+00', '2020-06-10 04:59:43.627619+00', NULL)
    ,(210, 455, NULL, 1, NULL, '2020', 'pending', NULL, 'gemini', '', NULL, 0, '2020-06-10 04:59:43.627619+00', '2020-06-10 04:59:43.627619+00', NULL)
    ,(211, 457, NULL, 1, NULL, '2020', 'pending', NULL, 'gemini', '', NULL, 0, '2020-06-10 04:59:43.627619+00', '2020-06-10 04:59:43.627619+00', NULL)
    ,(212, 459, NULL, 1, NULL, '2020', 'pending', NULL, 'gemini', '', NULL, 0, '2020-06-10 04:59:43.627619+00', '2020-06-10 04:59:43.627619+00', NULL)
    ,(213, 461, NULL, 1, NULL, '2020', 'pending', NULL, 'gemini', '', NULL, 0, '2020-06-10 04:59:43.627619+00', '2020-06-10 04:59:43.627619+00', NULL)
    ,(214, 463, NULL, 1, NULL, '2020', 'pending', NULL, 'gemini', '', NULL, 0, '2020-06-10 04:59:43.627619+00', '2020-06-10 04:59:43.627619+00', NULL)
    ,(215, 465, NULL, 1, NULL, '2020', 'pending', NULL, 'gemini', '', NULL, 0, '2020-06-10 04:59:43.627619+00', '2020-06-10 04:59:43.627619+00', NULL)
    ,(216, 467, NULL, 1, NULL, '2020', 'pending', NULL, 'gemini', '', NULL, 0, '2020-06-10 04:59:43.627619+00', '2020-06-10 04:59:43.627619+00', NULL)
    ,(217, 469, NULL, 1, NULL, '2020', 'pending', NULL, 'gemini', '', NULL, 0, '2020-06-10 04:59:43.627619+00', '2020-06-10 04:59:43.627619+00', NULL)
    ,(218, 471, NULL, 1, NULL, '2020', 'pending', NULL, 'gemini', '', NULL, 0, '2020-06-10 04:59:43.627619+00', '2020-06-10 04:59:43.627619+00', NULL)
    ,(219, 473, NULL, 1, NULL, '2020', 'pending', NULL, 'gemini', '', NULL, 0, '2020-06-10 04:59:43.627619+00', '2020-06-10 04:59:43.627619+00', NULL)
    ,(220, 475, NULL, 1, NULL, '2020', 'pending', NULL, 'gemini', '', NULL, 0, '2020-06-10 04:59:43.627619+00', '2020-06-10 04:59:43.627619+00', NULL)
    ,(221, 477, NULL, 1, NULL, '2020', 'pending', NULL, 'gemini', '', NULL, 0, '2020-06-10 04:59:43.627619+00', '2020-06-10 04:59:43.627619+00', NULL)
    ,(222, 479, NULL, 1, NULL, '2020', 'pending', NULL, 'gemini', '', NULL, 0, '2020-06-10 04:59:43.627619+00', '2020-06-10 04:59:43.627619+00', NULL)
    ,(223, 481, NULL, 1, NULL, '2020', 'pending', NULL, 'gemini', '', NULL, 0, '2020-06-10 04:59:43.627619+00', '2020-06-10 04:59:43.627619+00', NULL)
    ,(224, 483, NULL, 1, NULL, '2020', 'pending', NULL, 'gemini', '', NULL, 0, '2020-06-10 04:59:43.627619+00', '2020-06-10 04:59:43.627619+00', NULL)
    ,(225, 485, NULL, 1, NULL, '2020', 'pending', NULL, 'gemini', '', NULL, 0, '2020-06-10 04:59:43.627619+00', '2020-06-10 04:59:43.627619+00', NULL)
    ,(226, 487, NULL, 1, NULL, '2020', 'pending', NULL, 'gemini', '', NULL, 0, '2020-06-10 04:59:43.627619+00', '2020-06-10 04:59:43.627619+00', NULL)
    ,(227, 489, NULL, 1, NULL, '2020', 'pending', NULL, 'gemini', '', NULL, 0, '2020-06-10 04:59:43.627619+00', '2020-06-10 04:59:43.627619+00', NULL)
    ,(228, 491, NULL, 1, NULL, '2020', 'pending', NULL, 'gemini', '', NULL, 0, '2020-06-10 04:59:43.627619+00', '2020-06-10 04:59:43.627619+00', NULL)
    ,(229, 493, NULL, 1, NULL, '2020', 'pending', NULL, 'gemini', '', NULL, 0, '2020-06-10 04:59:43.627619+00', '2020-06-10 04:59:43.627619+00', NULL)
    ,(230, 495, NULL, 1, NULL, '2020', 'pending', NULL, 'gemini', '', NULL, 0, '2020-06-10 04:59:43.627619+00', '2020-06-10 04:59:43.627619+00', NULL)
    ,(231, 497, NULL, 1, NULL, '2020', 'pending', NULL, 'gemini', '', NULL, 0, '2020-06-10 04:59:43.627619+00', '2020-06-10 04:59:43.627619+00', NULL)
    ,(232, 499, NULL, 1, NULL, '2020', 'pending', NULL, 'gemini', '', NULL, 0, '2020-06-10 04:59:43.627619+00', '2020-06-10 04:59:43.627619+00', NULL)
    ,(233, 501, NULL, 1, NULL, '2020', 'pending', NULL, 'gemini', '', NULL, 0, '2020-06-10 04:59:43.627619+00', '2020-06-10 04:59:43.627619+00', NULL)
    ,(234, 503, NULL, 1, NULL, '2020', 'pending', NULL, 'gemini', '', NULL, 0, '2020-06-10 04:59:43.627619+00', '2020-06-10 04:59:43.627619+00', NULL)
    ,(235, 505, NULL, 1, NULL, '2020', 'pending', NULL, 'gemini', '', NULL, 0, '2020-06-10 04:59:43.627619+00', '2020-06-10 04:59:43.627619+00', NULL)
    ,(236, 507, NULL, 1, NULL, '2020', 'pending', NULL, 'gemini', '', NULL, 0, '2020-06-10 04:59:43.627619+00', '2020-06-10 04:59:43.627619+00', NULL)
    ,(237, 509, NULL, 1, NULL, '2020', 'pending', NULL, 'gemini', '', NULL, 0, '2020-06-10 04:59:43.627619+00', '2020-06-10 04:59:43.627619+00', NULL)
    ,(238, 511, NULL, 1, NULL, '2020', 'pending', NULL, 'gemini', '', NULL, 0, '2020-06-10 04:59:43.627619+00', '2020-06-10 04:59:43.627619+00', NULL)
    ,(239, 513, NULL, 1, NULL, '2020', 'pending', NULL, 'gemini', '', NULL, 0, '2020-06-10 04:59:43.627619+00', '2020-06-10 04:59:43.627619+00', NULL)
    ,(240, 515, NULL, 1, NULL, '2020', 'pending', NULL, 'gemini', '', NULL, 0, '2020-06-10 04:59:43.627619+00', '2020-06-10 04:59:43.627619+00', NULL)
    ,(241, 517, NULL, 1, NULL, '2020', 'pending', NULL, 'gemini', '', NULL, 0, '2020-06-10 04:59:43.627619+00', '2020-06-10 04:59:43.627619+00', NULL)
    ,(242, 519, NULL, 1, NULL, '2020', 'pending', NULL, 'gemini', '', NULL, 0, '2020-06-10 04:59:43.627619+00', '2020-06-10 04:59:43.627619+00', NULL)
    ,(243, 521, NULL, 1, NULL, '2020', 'pending', NULL, 'gemini', '', NULL, 0, '2020-06-10 04:59:43.627619+00', '2020-06-10 04:59:43.627619+00', NULL)
    ,(244, 523, NULL, 1, NULL, '2020', 'pending', NULL, 'gemini', '', NULL, 0, '2020-06-10 04:59:43.627619+00', '2020-06-10 04:59:43.627619+00', NULL)
    ,(245, 525, NULL, 1, NULL, '2020', 'pending', NULL, 'gemini', '', NULL, 0, '2020-06-10 04:59:43.627619+00', '2020-06-10 04:59:43.627619+00', NULL)
    ,(246, 527, NULL, 1, NULL, '2020', 'pending', NULL, 'gemini', '', NULL, 0, '2020-06-10 04:59:43.627619+00', '2020-06-10 04:59:43.627619+00', NULL)
    ,(262, 559, NULL, 1, NULL, '2020', 'pending', NULL, 'gemini', '', NULL, 0, '2020-06-10 04:59:44.068628+00', '2020-06-10 04:59:44.068628+00', NULL)
    ,(247, 529, NULL, 1, NULL, '2020', 'pending', NULL, 'gemini', '', NULL, 0, '2020-06-10 04:59:43.627619+00', '2020-06-10 04:59:43.627619+00', NULL)
    ,(248, 531, NULL, 1, NULL, '2020', 'pending', NULL, 'gemini', '', NULL, 0, '2020-06-10 04:59:43.627619+00', '2020-06-10 04:59:43.627619+00', NULL)
    ,(263, 561, NULL, 1, NULL, '2020', 'pending', NULL, 'gemini', '', NULL, 0, '2020-06-10 04:59:44.068628+00', '2020-06-10 04:59:44.068628+00', NULL)
    ,(249, 533, NULL, 1, NULL, '2020', 'pending', NULL, 'gemini', '', NULL, 0, '2020-06-10 04:59:43.627619+00', '2020-06-10 04:59:43.627619+00', NULL)
    ,(250, 535, NULL, 1, NULL, '2020', 'pending', NULL, 'gemini', '', NULL, 0, '2020-06-10 04:59:43.627619+00', '2020-06-10 04:59:43.627619+00', NULL)
    ,(264, 563, NULL, 1, NULL, '2020', 'pending', NULL, 'gemini', '', NULL, 0, '2020-06-10 04:59:44.068628+00', '2020-06-10 04:59:44.068628+00', NULL)
    ,(251, 537, NULL, 1, NULL, '2020', 'pending', NULL, 'gemini', '', NULL, 0, '2020-06-10 04:59:43.627619+00', '2020-06-10 04:59:43.627619+00', NULL)
    ,(252, 539, NULL, 1, NULL, '2020', 'pending', NULL, 'gemini', '', NULL, 0, '2020-06-10 04:59:43.627619+00', '2020-06-10 04:59:43.627619+00', NULL)
    ,(265, 565, NULL, 1, NULL, '2020', 'pending', NULL, 'gemini', '', NULL, 0, '2020-06-10 04:59:44.068628+00', '2020-06-10 04:59:44.068628+00', NULL)
    ,(253, 541, NULL, 1, NULL, '2020', 'pending', NULL, 'gemini', '', NULL, 0, '2020-06-10 04:59:43.627619+00', '2020-06-10 04:59:43.627619+00', NULL)
    ,(254, 543, NULL, 1, NULL, '2020', 'pending', NULL, 'gemini', '', NULL, 0, '2020-06-10 04:59:43.627619+00', '2020-06-10 04:59:43.627619+00', NULL)
    ,(266, 567, NULL, 1, NULL, '2020', 'pending', NULL, 'gemini', '', NULL, 0, '2020-06-10 04:59:44.068628+00', '2020-06-10 04:59:44.068628+00', NULL)
    ,(255, 545, NULL, 1, NULL, '2020', 'pending', NULL, 'gemini', '', NULL, 0, '2020-06-10 04:59:43.627619+00', '2020-06-10 04:59:43.627619+00', NULL)
    ,(256, 547, NULL, 1, NULL, '2020', 'pending', NULL, 'gemini', '', NULL, 0, '2020-06-10 04:59:44.068628+00', '2020-06-10 04:59:44.068628+00', NULL)
    ,(257, 549, NULL, 1, NULL, '2020', 'pending', NULL, 'gemini', '', NULL, 0, '2020-06-10 04:59:44.068628+00', '2020-06-10 04:59:44.068628+00', NULL)
    ,(258, 551, NULL, 1, NULL, '2020', 'pending', NULL, 'gemini', '', NULL, 0, '2020-06-10 04:59:44.068628+00', '2020-06-10 04:59:44.068628+00', NULL)
    ,(259, 553, NULL, 1, NULL, '2020', 'pending', NULL, 'gemini', '', NULL, 0, '2020-06-10 04:59:44.068628+00', '2020-06-10 04:59:44.068628+00', NULL)
    ,(260, 555, NULL, 1, NULL, '2020', 'pending', NULL, 'gemini', '', NULL, 0, '2020-06-10 04:59:44.068628+00', '2020-06-10 04:59:44.068628+00', NULL)
    ,(261, 557, NULL, 1, NULL, '2020', 'pending', NULL, 'gemini', '', NULL, 0, '2020-06-10 04:59:44.068628+00', '2020-06-10 04:59:44.068628+00', NULL)
    ,(267, 569, NULL, 1, NULL, '2020', 'pending', NULL, 'gemini', '', NULL, 0, '2020-06-10 04:59:44.068628+00', '2020-06-10 04:59:44.068628+00', NULL)
    ,(268, 571, NULL, 1, NULL, '2020', 'pending', NULL, 'gemini', '', NULL, 0, '2020-06-10 04:59:44.068628+00', '2020-06-10 04:59:44.068628+00', NULL)
    ,(269, 573, NULL, 1, NULL, '2020', 'pending', NULL, 'gemini', '', NULL, 0, '2020-06-10 04:59:44.068628+00', '2020-06-10 04:59:44.068628+00', NULL)
    ,(270, 575, NULL, 1, NULL, '2020', 'pending', NULL, 'gemini', '', NULL, 0, '2020-06-10 04:59:44.068628+00', '2020-06-10 04:59:44.068628+00', NULL)
    ,(271, 577, NULL, 1, NULL, '2020', 'pending', NULL, 'gemini', '', NULL, 0, '2020-06-10 04:59:44.068628+00', '2020-06-10 04:59:44.068628+00', NULL)
    ,(272, 579, NULL, 1, NULL, '2020', 'pending', NULL, 'gemini', '', NULL, 0, '2020-06-10 04:59:44.068628+00', '2020-06-10 04:59:44.068628+00', NULL)
    ,(273, 581, NULL, 1, NULL, '2020', 'pending', NULL, 'gemini', '', NULL, 0, '2020-06-10 04:59:44.068628+00', '2020-06-10 04:59:44.068628+00', NULL)
    ,(274, 583, NULL, 1, NULL, '2020', 'pending', NULL, 'gemini', '', NULL, 0, '2020-06-10 04:59:44.068628+00', '2020-06-10 04:59:44.068628+00', NULL)
    ,(275, 585, NULL, 1, NULL, '2020', 'pending', NULL, 'gemini', '', NULL, 0, '2020-06-10 04:59:44.068628+00', '2020-06-10 04:59:44.068628+00', NULL)
    ,(276, 587, NULL, 1, NULL, '2020', 'pending', NULL, 'gemini', '', NULL, 0, '2020-06-10 04:59:44.068628+00', '2020-06-10 04:59:44.068628+00', NULL)
    ,(277, 589, NULL, 1, NULL, '2020', 'pending', NULL, 'gemini', '', NULL, 0, '2020-06-10 04:59:44.068628+00', '2020-06-10 04:59:44.068628+00', NULL)
    ,(278, 591, NULL, 1, NULL, '2020', 'pending', NULL, 'gemini', '', NULL, 0, '2020-06-10 04:59:44.068628+00', '2020-06-10 04:59:44.068628+00', NULL)
    ,(279, 593, NULL, 1, NULL, '2020', 'pending', NULL, 'gemini', '', NULL, 0, '2020-06-10 04:59:44.068628+00', '2020-06-10 04:59:44.068628+00', NULL)
    ,(280, 595, NULL, 1, NULL, '2020', 'pending', NULL, 'gemini', '', NULL, 0, '2020-06-10 04:59:44.068628+00', '2020-06-10 04:59:44.068628+00', NULL)
    ,(281, 597, NULL, 1, NULL, '2020', 'pending', NULL, 'gemini', '', NULL, 0, '2020-06-10 04:59:44.068628+00', '2020-06-10 04:59:44.068628+00', NULL)
    ,(282, 599, NULL, 1, NULL, '2020', 'pending', NULL, 'gemini', '', NULL, 0, '2020-06-10 04:59:44.068628+00', '2020-06-10 04:59:44.068628+00', NULL)
    ,(283, 601, NULL, 1, NULL, '2020', 'pending', NULL, 'gemini', '', NULL, 0, '2020-06-10 04:59:44.068628+00', '2020-06-10 04:59:44.068628+00', NULL)
    ,(284, 603, NULL, 1, NULL, '2020', 'pending', NULL, 'gemini', '', NULL, 0, '2020-06-10 04:59:44.068628+00', '2020-06-10 04:59:44.068628+00', NULL)
    ,(285, 605, NULL, 1, NULL, '2020', 'pending', NULL, 'gemini', '', NULL, 0, '2020-06-10 04:59:44.068628+00', '2020-06-10 04:59:44.068628+00', NULL)
    ,(286, 607, NULL, 1, NULL, '2020', 'pending', NULL, 'gemini', '', NULL, 0, '2020-06-10 04:59:44.068628+00', '2020-06-10 04:59:44.068628+00', NULL)
    ,(287, 609, NULL, 1, NULL, '2020', 'pending', NULL, 'gemini', '', NULL, 0, '2020-06-10 04:59:44.068628+00', '2020-06-10 04:59:44.068628+00', NULL)
    ,(288, 611, NULL, 1, NULL, '2020', 'pending', NULL, 'gemini', '', NULL, 0, '2020-06-10 04:59:44.068628+00', '2020-06-10 04:59:44.068628+00', NULL)
    ,(289, 613, NULL, 1, NULL, '2020', 'pending', NULL, 'gemini', '', NULL, 0, '2020-06-10 04:59:44.068628+00', '2020-06-10 04:59:44.068628+00', NULL)
    ,(290, 615, NULL, 1, NULL, '2020', 'pending', NULL, 'gemini', '', NULL, 0, '2020-06-10 04:59:44.068628+00', '2020-06-10 04:59:44.068628+00', NULL)
    ,(291, 617, NULL, 1, NULL, '2020', 'pending', NULL, 'gemini', '', NULL, 0, '2020-06-10 04:59:44.068628+00', '2020-06-10 04:59:44.068628+00', NULL)
    ,(292, 619, NULL, 1, NULL, '2020', 'pending', NULL, 'gemini', '', NULL, 0, '2020-06-10 04:59:44.068628+00', '2020-06-10 04:59:44.068628+00', NULL)
    ,(293, 621, NULL, 1, NULL, '2020', 'pending', NULL, 'gemini', '', NULL, 0, '2020-06-10 04:59:44.068628+00', '2020-06-10 04:59:44.068628+00', NULL)
    ,(294, 623, NULL, 1, NULL, '2020', 'pending', NULL, 'gemini', '', NULL, 0, '2020-06-10 04:59:44.068628+00', '2020-06-10 04:59:44.068628+00', NULL)
    ,(295, 625, NULL, 1, NULL, '2020', 'pending', NULL, 'gemini', '', NULL, 0, '2020-06-10 04:59:44.068628+00', '2020-06-10 04:59:44.068628+00', NULL)
    ,(296, 627, NULL, 1, NULL, '2020', 'pending', NULL, 'gemini', '', NULL, 0, '2020-06-10 04:59:44.068628+00', '2020-06-10 04:59:44.068628+00', NULL)
    ,(297, 629, NULL, 1, NULL, '2020', 'pending', NULL, 'gemini', '', NULL, 0, '2020-06-10 04:59:44.068628+00', '2020-06-10 04:59:44.068628+00', NULL)
    ,(298, 631, NULL, 1, NULL, '2020', 'pending', NULL, 'gemini', '', NULL, 0, '2020-06-10 04:59:44.068628+00', '2020-06-10 04:59:44.068628+00', NULL)
    ,(299, 633, NULL, 1, NULL, '2020', 'pending', NULL, 'gemini', '', NULL, 0, '2020-06-10 04:59:44.068628+00', '2020-06-10 04:59:44.068628+00', NULL)
    ,(300, 635, NULL, 1, NULL, '2020', 'pending', NULL, 'gemini', '', NULL, 0, '2020-06-10 04:59:44.068628+00', '2020-06-10 04:59:44.068628+00', NULL)
    ,(301, 637, NULL, 1, NULL, '2020', 'pending', NULL, 'gemini', '', NULL, 0, '2020-06-10 04:59:44.068628+00', '2020-06-10 04:59:44.068628+00', NULL)
    ,(302, 639, NULL, 1, NULL, '2020', 'pending', NULL, 'gemini', '', NULL, 0, '2020-06-10 04:59:44.068628+00', '2020-06-10 04:59:44.068628+00', NULL)
    ,(303, 641, NULL, 1, NULL, '2020', 'pending', NULL, 'gemini', '', NULL, 0, '2020-06-10 04:59:44.068628+00', '2020-06-10 04:59:44.068628+00', NULL)
    ,(304, 643, NULL, 1, NULL, '2020', 'pending', NULL, 'gemini', '', NULL, 0, '2020-06-10 04:59:44.068628+00', '2020-06-10 04:59:44.068628+00', NULL)
    ,(305, 645, NULL, 1, NULL, '2020', 'pending', NULL, 'gemini', '', NULL, 0, '2020-06-10 04:59:44.068628+00', '2020-06-10 04:59:44.068628+00', NULL)
    ,(306, 647, NULL, 1, NULL, '2020', 'pending', NULL, 'gemini', '', NULL, 0, '2020-06-10 04:59:44.068628+00', '2020-06-10 04:59:44.068628+00', NULL)
    ,(307, 649, NULL, 1, NULL, '2020', 'pending', NULL, 'gemini', '', NULL, 0, '2020-06-10 04:59:44.068628+00', '2020-06-10 04:59:44.068628+00', NULL)
    ,(308, 651, NULL, 1, NULL, '2020', 'pending', NULL, 'gemini', '', NULL, 0, '2020-06-10 04:59:44.068628+00', '2020-06-10 04:59:44.068628+00', NULL)
;


-- submissions
INSERT INTO submissions
    (submission_id, team_id, submission_form_id, submission_data, readme, poster, video, override_open, submitted, created_at, updated_at, deleted_at)
VALUES
    (1, 1, 3, NULL, '', '', '', 0, 0, '2020-06-10 04:59:44.177416+00', '2020-06-10 04:59:44.177416+00', NULL)
    ,(2, 2, 3, NULL, '', '', '', 0, 0, '2020-06-10 04:59:44.177416+00', '2020-06-10 04:59:44.177416+00', NULL)
    ,(3, 3, 3, NULL, '', '', '', 0, 0, '2020-06-10 04:59:44.177416+00', '2020-06-10 04:59:44.177416+00', NULL)
    ,(4, 4, 3, NULL, '', '', '', 0, 0, '2020-06-10 04:59:44.177416+00', '2020-06-10 04:59:44.177416+00', NULL)
    ,(5, 5, 3, NULL, '', '', '', 0, 0, '2020-06-10 04:59:44.177416+00', '2020-06-10 04:59:44.177416+00', NULL)
    ,(6, 6, 3, NULL, '', '', '', 0, 0, '2020-06-10 04:59:44.177416+00', '2020-06-10 04:59:44.177416+00', NULL)
    ,(7, 7, 3, NULL, '', '', '', 0, 0, '2020-06-10 04:59:44.177416+00', '2020-06-10 04:59:44.177416+00', NULL)
    ,(8, 8, 3, NULL, '', '', '', 0, 0, '2020-06-10 04:59:44.177416+00', '2020-06-10 04:59:44.177416+00', NULL)
    ,(9, 9, 3, NULL, '', '', '', 0, 0, '2020-06-10 04:59:44.177416+00', '2020-06-10 04:59:44.177416+00', NULL)
    ,(10, 10, 3, NULL, '', '', '', 0, 0, '2020-06-10 04:59:44.177416+00', '2020-06-10 04:59:44.177416+00', NULL)
    ,(11, 11, 3, NULL, '', '', '', 0, 0, '2020-06-10 04:59:44.177416+00', '2020-06-10 04:59:44.177416+00', NULL)
    ,(12, 12, 3, NULL, '', '', '', 0, 0, '2020-06-10 04:59:44.177416+00', '2020-06-10 04:59:44.177416+00', NULL)
;


-- team_evaluation_pairs
INSERT INTO team_evaluation_pairs
    (evaluatee_team_id, evaluator_team_id)
VALUES
    (1, 2)
    ,(1, 3)
    ,(2, 1)
    ,(2, 3)
    ,(3, 1)
    ,(3, 2)
    ,(4, 1)
    ,(4, 2)
    ,(5, 6)
    ,(5, 7)
    ,(6, 7)
    ,(6, 8)
    ,(7, 8)
    ,(7, 5)
    ,(8, 5)
    ,(8, 6)
    ,(9, 10)
    ,(9, 11)
    ,(10, 11)
    ,(10, 12)
    ,(11, 12)
    ,(11, 9)
    ,(12, 9)
    ,(12, 10)
;


-- user_roles_applicants
INSERT INTO user_roles_applicants
    (user_role_id, application_id, applicant_form_id, applicant_data)
VALUES 
    (16, 1, 2, NULL)
    ,(17, 1, 2, NULL)
    ,(20, 2, 2, NULL)
    ,(21, 2, 2, NULL)
    ,(24, 3, 2, NULL)
    ,(25, 3, 2, NULL)
    ,(28, 4, 2, NULL)
    ,(29, 4, 2, NULL)
    ,(32, 5, 2, NULL)
    ,(33, 5, 2, NULL)
    ,(36, 6, 2, NULL)
    ,(37, 6, 2, NULL)
    ,(40, 7, 2, NULL)
    ,(41, 7, 2, NULL)
    ,(44, 8, 2, NULL)
    ,(45, 8, 2, NULL)
    ,(48, 9, 2, NULL)
    ,(49, 9, 2, NULL)
    ,(52, 10, 2, NULL)
    ,(53, 10, 2, NULL)
    ,(56, 11, 2, NULL)
    ,(57, 11, 2, NULL)
    ,(60, 12, 2, NULL)
    ,(61, 12, 2, NULL)
    ,(64, 13, 2, NULL)
    ,(65, 14, 2, NULL)
    ,(66, 15, 2, NULL)
    ,(67, 16, 2, NULL)
    ,(68, 16, 2, NULL)
    ,(69, 17, 2, NULL)
    ,(70, 17, 2, NULL)
    ,(71, 18, 2, NULL)
    ,(72, 18, 2, NULL)
    ,(73, 19, 2, NULL)
    ,(74, 19, 2, NULL)
    ,(75, 20, 2, NULL)
    ,(76, 20, 2, NULL)
    ,(77, 21, 2, NULL)
    ,(78, 21, 2, NULL)
    ,(79, 22, 2, NULL)
    ,(80, 22, 2, NULL)
    ,(81, 23, 2, NULL)
    ,(82, 23, 2, NULL)
    ,(83, 24, 2, NULL)
    ,(84, 24, 2, NULL)
    ,(85, 25, 2, NULL)
    ,(86, 25, 2, NULL)
    ,(87, 26, 2, NULL)
    ,(88, 26, 2, NULL)
    ,(89, 27, 2, NULL)
    ,(90, 27, 2, NULL)
    ,(91, 28, 2, NULL)
    ,(92, 28, 2, NULL)
    ,(93, 29, 2, NULL)
    ,(94, 29, 2, NULL)
    ,(95, 30, 2, NULL)
    ,(96, 30, 2, NULL)
    ,(97, 31, 2, NULL)
    ,(98, 31, 2, NULL)
    ,(99, 32, 2, NULL)
    ,(100, 32, 2, NULL)
    ,(101, 33, 2, NULL)
    ,(102, 33, 2, NULL)
    ,(103, 34, 2, NULL)
    ,(104, 34, 2, NULL)
    ,(105, 35, 2, NULL)
    ,(106, 35, 2, NULL)
    ,(107, 36, 2, NULL)
    ,(108, 36, 2, NULL)
    ,(109, 37, 2, NULL)
    ,(110, 37, 2, NULL)
    ,(111, 38, 2, NULL)
    ,(112, 38, 2, NULL)
    ,(113, 39, 2, NULL)
    ,(114, 39, 2, NULL)
    ,(115, 40, 2, NULL)
    ,(116, 40, 2, NULL)
    ,(117, 41, 2, NULL)
    ,(118, 41, 2, NULL)
    ,(119, 42, 2, NULL)
    ,(120, 42, 2, NULL)
    ,(121, 43, 2, NULL)
    ,(122, 43, 2, NULL)
    ,(123, 44, 2, NULL)
    ,(124, 44, 2, NULL)
    ,(125, 45, 2, NULL)
    ,(126, 45, 2, NULL)
    ,(127, 46, 2, NULL)
    ,(128, 46, 2, NULL)
    ,(129, 47, 2, NULL)
    ,(130, 47, 2, NULL)
    ,(131, 48, 2, NULL)
    ,(132, 48, 2, NULL)
    ,(133, 49, 2, NULL)
    ,(134, 49, 2, NULL)
    ,(135, 50, 2, NULL)
    ,(136, 50, 2, NULL)
    ,(137, 51, 2, NULL)
    ,(138, 51, 2, NULL)
    ,(139, 52, 2, NULL)
    ,(140, 52, 2, NULL)
    ,(141, 53, 2, NULL)
    ,(142, 53, 2, NULL)
    ,(143, 54, 2, NULL)
    ,(144, 54, 2, NULL)
    ,(145, 55, 2, NULL)
    ,(146, 55, 2, NULL)
    ,(147, 56, 2, NULL)
    ,(148, 56, 2, NULL)
    ,(149, 57, 2, NULL)
    ,(150, 57, 2, NULL)
    ,(151, 58, 2, NULL)
    ,(152, 58, 2, NULL)
    ,(153, 59, 2, NULL)
    ,(154, 59, 2, NULL)
    ,(155, 60, 2, NULL)
    ,(156, 60, 2, NULL)
    ,(157, 61, 2, NULL)
    ,(158, 61, 2, NULL)
    ,(159, 62, 2, NULL)
    ,(160, 62, 2, NULL)
    ,(161, 63, 2, NULL)
    ,(162, 63, 2, NULL)
    ,(163, 64, 2, NULL)
    ,(164, 64, 2, NULL)
    ,(165, 65, 2, NULL)
    ,(166, 65, 2, NULL)
    ,(167, 66, 2, NULL)
    ,(168, 66, 2, NULL)
    ,(169, 67, 2, NULL)
    ,(170, 67, 2, NULL)
    ,(171, 68, 2, NULL)
    ,(172, 68, 2, NULL)
    ,(173, 69, 2, NULL)
    ,(174, 69, 2, NULL)
    ,(175, 70, 2, NULL)
    ,(176, 70, 2, NULL)
    ,(177, 71, 2, NULL)
    ,(178, 71, 2, NULL)
    ,(179, 72, 2, NULL)
    ,(180, 72, 2, NULL)
    ,(181, 73, 2, NULL)
    ,(182, 73, 2, NULL)
    ,(183, 74, 2, NULL)
    ,(184, 74, 2, NULL)
    ,(185, 75, 2, NULL)
    ,(186, 75, 2, NULL)
    ,(187, 76, 2, NULL)
    ,(188, 76, 2, NULL)
    ,(189, 77, 2, NULL)
    ,(190, 77, 2, NULL)
    ,(191, 78, 2, NULL)
    ,(192, 78, 2, NULL)
    ,(193, 79, 2, NULL)
    ,(194, 79, 2, NULL)
    ,(195, 80, 2, NULL)
    ,(196, 80, 2, NULL)
    ,(197, 81, 2, NULL)
    ,(198, 81, 2, NULL)
    ,(199, 82, 2, NULL)
    ,(200, 82, 2, NULL)
    ,(201, 83, 2, NULL)
    ,(202, 83, 2, NULL)
    ,(203, 84, 2, NULL)
    ,(204, 84, 2, NULL)
    ,(205, 85, 2, NULL)
    ,(206, 85, 2, NULL)
    ,(207, 86, 2, NULL)
    ,(208, 86, 2, NULL)
    ,(209, 87, 2, NULL)
    ,(210, 87, 2, NULL)
    ,(211, 88, 2, NULL)
    ,(212, 88, 2, NULL)
    ,(213, 89, 2, NULL)
    ,(214, 89, 2, NULL)
    ,(215, 90, 2, NULL)
    ,(216, 90, 2, NULL)
    ,(217, 91, 2, NULL)
    ,(218, 91, 2, NULL)
    ,(219, 92, 2, NULL)
    ,(220, 92, 2, NULL)
    ,(221, 93, 2, NULL)
    ,(222, 93, 2, NULL)
    ,(223, 94, 2, NULL)
    ,(224, 94, 2, NULL)
    ,(225, 95, 2, NULL)
    ,(226, 95, 2, NULL)
    ,(227, 96, 2, NULL)
    ,(228, 96, 2, NULL)
    ,(229, 97, 2, NULL)
    ,(230, 97, 2, NULL)
    ,(231, 98, 2, NULL)
    ,(232, 98, 2, NULL)
    ,(233, 99, 2, NULL)
    ,(234, 99, 2, NULL)
    ,(235, 100, 2, NULL)
    ,(236, 100, 2, NULL)
    ,(237, 101, 2, NULL)
    ,(238, 101, 2, NULL)
    ,(239, 102, 2, NULL)
    ,(240, 102, 2, NULL)
    ,(241, 103, 2, NULL)
    ,(242, 103, 2, NULL)
    ,(243, 104, 2, NULL)
    ,(244, 104, 2, NULL)
    ,(245, 105, 2, NULL)
    ,(246, 105, 2, NULL)
    ,(247, 106, 2, NULL)
    ,(248, 106, 2, NULL)
    ,(249, 107, 2, NULL)
    ,(250, 107, 2, NULL)
    ,(251, 108, 2, NULL)
    ,(252, 108, 2, NULL)
    ,(253, 109, 2, NULL)
    ,(254, 109, 2, NULL)
    ,(255, 110, 2, NULL)
    ,(256, 110, 2, NULL)
    ,(257, 111, 2, NULL)
    ,(258, 111, 2, NULL)
    ,(259, 112, 2, NULL)
    ,(260, 112, 2, NULL)
    ,(261, 113, 2, NULL)
    ,(262, 113, 2, NULL)
    ,(263, 114, 2, NULL)
    ,(264, 114, 2, NULL)
    ,(265, 115, 2, NULL)
    ,(266, 115, 2, NULL)
    ,(267, 116, 2, NULL)
    ,(268, 116, 2, NULL)
    ,(269, 117, 2, NULL)
    ,(270, 117, 2, NULL)
    ,(271, 118, 2, NULL)
    ,(272, 118, 2, NULL)
    ,(273, 119, 2, NULL)
    ,(274, 119, 2, NULL)
    ,(275, 120, 2, NULL)
    ,(276, 120, 2, NULL)
    ,(277, 121, 2, NULL)
    ,(278, 121, 2, NULL)
    ,(279, 122, 2, NULL)
    ,(280, 122, 2, NULL)
    ,(281, 123, 2, NULL)
    ,(282, 123, 2, NULL)
    ,(283, 124, 2, NULL)
    ,(284, 124, 2, NULL)
    ,(285, 125, 2, NULL)
    ,(286, 125, 2, NULL)
    ,(287, 126, 2, NULL)
    ,(288, 126, 2, NULL)
    ,(289, 127, 2, NULL)
    ,(290, 127, 2, NULL)
    ,(291, 128, 2, NULL)
    ,(292, 128, 2, NULL)
    ,(293, 129, 2, NULL)
    ,(294, 129, 2, NULL)
    ,(295, 130, 2, NULL)
    ,(296, 130, 2, NULL)
    ,(297, 131, 2, NULL)
    ,(298, 131, 2, NULL)
    ,(299, 132, 2, NULL)
    ,(300, 132, 2, NULL)
    ,(301, 133, 2, NULL)
    ,(302, 133, 2, NULL)
    ,(303, 134, 2, NULL)
    ,(304, 134, 2, NULL)
    ,(305, 135, 2, NULL)
    ,(306, 135, 2, NULL)
    ,(307, 136, 2, NULL)
    ,(308, 136, 2, NULL)
    ,(309, 137, 2, NULL)
    ,(310, 137, 2, NULL)
    ,(311, 138, 2, NULL)
    ,(312, 138, 2, NULL)
    ,(313, 139, 2, NULL)
    ,(314, 139, 2, NULL)
    ,(315, 140, 2, NULL)
    ,(316, 140, 2, NULL)
    ,(317, 141, 2, NULL)
    ,(318, 141, 2, NULL)
    ,(319, 142, 2, NULL)
    ,(320, 142, 2, NULL)
    ,(321, 143, 2, NULL)
    ,(322, 143, 2, NULL)
    ,(323, 144, 2, NULL)
    ,(324, 144, 2, NULL)
    ,(325, 145, 2, NULL)
    ,(326, 145, 2, NULL)
    ,(327, 146, 2, NULL)
    ,(328, 146, 2, NULL)
    ,(329, 147, 2, NULL)
    ,(330, 147, 2, NULL)
    ,(331, 148, 2, NULL)
    ,(332, 148, 2, NULL)
    ,(333, 149, 2, NULL)
    ,(334, 149, 2, NULL)
    ,(335, 150, 2, NULL)
    ,(336, 150, 2, NULL)
    ,(337, 151, 2, NULL)
    ,(338, 151, 2, NULL)
    ,(339, 152, 2, NULL)
    ,(340, 152, 2, NULL)
    ,(341, 153, 2, NULL)
    ,(342, 153, 2, NULL)
    ,(343, 154, 2, NULL)
    ,(344, 154, 2, NULL)
    ,(345, 155, 2, NULL)
    ,(346, 155, 2, NULL)
    ,(347, 156, 2, NULL)
    ,(348, 156, 2, NULL)
    ,(349, 157, 2, NULL)
    ,(350, 157, 2, NULL)
    ,(351, 158, 2, NULL)
    ,(352, 158, 2, NULL)
    ,(353, 159, 2, NULL)
    ,(354, 159, 2, NULL)
    ,(355, 160, 2, NULL)
    ,(356, 160, 2, NULL)
    ,(357, 161, 2, NULL)
    ,(358, 161, 2, NULL)
    ,(359, 162, 2, NULL)
    ,(360, 162, 2, NULL)
    ,(361, 163, 2, NULL)
    ,(362, 163, 2, NULL)
    ,(363, 164, 2, NULL)
    ,(364, 164, 2, NULL)
    ,(365, 165, 2, NULL)
    ,(366, 165, 2, NULL)
    ,(367, 166, 2, NULL)
    ,(368, 166, 2, NULL)
    ,(369, 167, 2, NULL)
    ,(370, 167, 2, NULL)
    ,(371, 168, 2, NULL)
    ,(372, 168, 2, NULL)
    ,(373, 169, 2, NULL)
    ,(374, 169, 2, NULL)
    ,(375, 170, 2, NULL)
    ,(376, 170, 2, NULL)
    ,(377, 171, 2, NULL)
    ,(378, 171, 2, NULL)
    ,(379, 172, 2, NULL)
    ,(380, 172, 2, NULL)
    ,(381, 173, 2, NULL)
    ,(382, 173, 2, NULL)
    ,(383, 174, 2, NULL)
    ,(384, 174, 2, NULL)
    ,(385, 175, 2, NULL)
    ,(386, 175, 2, NULL)
    ,(387, 176, 2, NULL)
    ,(388, 176, 2, NULL)
    ,(389, 177, 2, NULL)
    ,(390, 177, 2, NULL)
    ,(391, 178, 2, NULL)
    ,(392, 178, 2, NULL)
    ,(393, 179, 2, NULL)
    ,(394, 179, 2, NULL)
    ,(395, 180, 2, NULL)
    ,(396, 180, 2, NULL)
    ,(397, 181, 2, NULL)
    ,(398, 181, 2, NULL)
    ,(399, 182, 2, NULL)
    ,(400, 182, 2, NULL)
    ,(401, 183, 2, NULL)
    ,(402, 183, 2, NULL)
    ,(403, 184, 2, NULL)
    ,(404, 184, 2, NULL)
    ,(405, 185, 2, NULL)
    ,(406, 185, 2, NULL)
    ,(407, 186, 2, NULL)
    ,(408, 186, 2, NULL)
    ,(409, 187, 2, NULL)
    ,(410, 187, 2, NULL)
    ,(411, 188, 2, NULL)
    ,(412, 188, 2, NULL)
    ,(413, 189, 2, NULL)
    ,(414, 189, 2, NULL)
    ,(415, 190, 2, NULL)
    ,(416, 190, 2, NULL)
    ,(417, 191, 2, NULL)
    ,(418, 191, 2, NULL)
    ,(419, 192, 2, NULL)
    ,(420, 192, 2, NULL)
    ,(421, 193, 2, NULL)
    ,(422, 193, 2, NULL)
    ,(423, 194, 2, NULL)
    ,(424, 194, 2, NULL)
    ,(425, 195, 2, NULL)
    ,(426, 195, 2, NULL)
    ,(427, 196, 2, NULL)
    ,(428, 196, 2, NULL)
    ,(429, 197, 2, NULL)
    ,(430, 197, 2, NULL)
    ,(431, 198, 2, NULL)
    ,(432, 198, 2, NULL)
    ,(433, 199, 2, NULL)
    ,(434, 199, 2, NULL)
    ,(435, 200, 2, NULL)
    ,(436, 200, 2, NULL)
    ,(437, 201, 2, NULL)
    ,(438, 201, 2, NULL)
    ,(439, 202, 2, NULL)
    ,(440, 202, 2, NULL)
    ,(441, 203, 2, NULL)
    ,(442, 203, 2, NULL)
    ,(443, 204, 2, NULL)
    ,(444, 204, 2, NULL)
    ,(445, 205, 2, NULL)
    ,(446, 205, 2, NULL)
    ,(447, 206, 2, NULL)
    ,(448, 206, 2, NULL)
    ,(449, 207, 2, NULL)
    ,(450, 207, 2, NULL)
    ,(451, 208, 2, NULL)
    ,(452, 208, 2, NULL)
    ,(453, 209, 2, NULL)
    ,(454, 209, 2, NULL)
    ,(455, 210, 2, NULL)
    ,(456, 210, 2, NULL)
    ,(457, 211, 2, NULL)
    ,(458, 211, 2, NULL)
    ,(459, 212, 2, NULL)
    ,(460, 212, 2, NULL)
    ,(461, 213, 2, NULL)
    ,(462, 213, 2, NULL)
    ,(463, 214, 2, NULL)
    ,(464, 214, 2, NULL)
    ,(465, 215, 2, NULL)
    ,(466, 215, 2, NULL)
    ,(467, 216, 2, NULL)
    ,(468, 216, 2, NULL)
    ,(469, 217, 2, NULL)
    ,(470, 217, 2, NULL)
    ,(471, 218, 2, NULL)
    ,(472, 218, 2, NULL)
    ,(473, 219, 2, NULL)
    ,(474, 219, 2, NULL)
    ,(475, 220, 2, NULL)
    ,(476, 220, 2, NULL)
    ,(477, 221, 2, NULL)
    ,(478, 221, 2, NULL)
    ,(479, 222, 2, NULL)
    ,(480, 222, 2, NULL)
    ,(481, 223, 2, NULL)
    ,(482, 223, 2, NULL)
    ,(483, 224, 2, NULL)
    ,(484, 224, 2, NULL)
    ,(485, 225, 2, NULL)
    ,(486, 225, 2, NULL)
    ,(487, 226, 2, NULL)
    ,(488, 226, 2, NULL)
    ,(489, 227, 2, NULL)
    ,(490, 227, 2, NULL)
    ,(491, 228, 2, NULL)
    ,(492, 228, 2, NULL)
    ,(493, 229, 2, NULL)
    ,(494, 229, 2, NULL)
    ,(495, 230, 2, NULL)
    ,(496, 230, 2, NULL)
    ,(497, 231, 2, NULL)
    ,(498, 231, 2, NULL)
    ,(499, 232, 2, NULL)
    ,(500, 232, 2, NULL)
    ,(501, 233, 2, NULL)
    ,(502, 233, 2, NULL)
    ,(503, 234, 2, NULL)
    ,(504, 234, 2, NULL)
    ,(505, 235, 2, NULL)
    ,(506, 235, 2, NULL)
    ,(507, 236, 2, NULL)
    ,(508, 236, 2, NULL)
    ,(509, 237, 2, NULL)
    ,(510, 237, 2, NULL)
    ,(511, 238, 2, NULL)
    ,(512, 238, 2, NULL)
    ,(513, 239, 2, NULL)
    ,(514, 239, 2, NULL)
    ,(515, 240, 2, NULL)
    ,(516, 240, 2, NULL)
    ,(517, 241, 2, NULL)
    ,(518, 241, 2, NULL)
    ,(519, 242, 2, NULL)
    ,(520, 242, 2, NULL)
    ,(521, 243, 2, NULL)
    ,(522, 243, 2, NULL)
    ,(523, 244, 2, NULL)
    ,(524, 244, 2, NULL)
    ,(525, 245, 2, NULL)
    ,(526, 245, 2, NULL)
    ,(527, 246, 2, NULL)
    ,(528, 246, 2, NULL)
    ,(529, 247, 2, NULL)
    ,(530, 247, 2, NULL)
    ,(531, 248, 2, NULL)
    ,(532, 248, 2, NULL)
    ,(533, 249, 2, NULL)
    ,(534, 249, 2, NULL)
    ,(535, 250, 2, NULL)
    ,(536, 250, 2, NULL)
    ,(537, 251, 2, NULL)
    ,(538, 251, 2, NULL)
    ,(539, 252, 2, NULL)
    ,(540, 252, 2, NULL)
    ,(541, 253, 2, NULL)
    ,(542, 253, 2, NULL)
    ,(543, 254, 2, NULL)
    ,(544, 254, 2, NULL)
    ,(545, 255, 2, NULL)
    ,(546, 255, 2, NULL)
    ,(547, 256, 2, NULL)
    ,(548, 256, 2, NULL)
    ,(549, 257, 2, NULL)
    ,(550, 257, 2, NULL)
    ,(551, 258, 2, NULL)
    ,(552, 258, 2, NULL)
    ,(553, 259, 2, NULL)
    ,(554, 259, 2, NULL)
    ,(555, 260, 2, NULL)
    ,(556, 260, 2, NULL)
    ,(557, 261, 2, NULL)
    ,(558, 261, 2, NULL)
    ,(559, 262, 2, NULL)
    ,(560, 262, 2, NULL)
    ,(561, 263, 2, NULL)
    ,(562, 263, 2, NULL)
    ,(563, 264, 2, NULL)
    ,(564, 264, 2, NULL)
    ,(565, 265, 2, NULL)
    ,(566, 265, 2, NULL)
    ,(567, 266, 2, NULL)
    ,(568, 266, 2, NULL)
    ,(569, 267, 2, NULL)
    ,(570, 267, 2, NULL)
    ,(571, 268, 2, NULL)
    ,(572, 268, 2, NULL)
    ,(573, 269, 2, NULL)
    ,(574, 269, 2, NULL)
    ,(575, 270, 2, NULL)
    ,(576, 270, 2, NULL)
    ,(577, 271, 2, NULL)
    ,(578, 271, 2, NULL)
    ,(579, 272, 2, NULL)
    ,(580, 272, 2, NULL)
    ,(581, 273, 2, NULL)
    ,(582, 273, 2, NULL)
    ,(583, 274, 2, NULL)
    ,(584, 274, 2, NULL)
    ,(585, 275, 2, NULL)
    ,(586, 275, 2, NULL)
    ,(587, 276, 2, NULL)
    ,(588, 276, 2, NULL)
    ,(589, 277, 2, NULL)
    ,(590, 277, 2, NULL)
    ,(591, 278, 2, NULL)
    ,(592, 278, 2, NULL)
    ,(593, 279, 2, NULL)
    ,(594, 279, 2, NULL)
    ,(595, 280, 2, NULL)
    ,(596, 280, 2, NULL)
    ,(597, 281, 2, NULL)
    ,(598, 281, 2, NULL)
    ,(599, 282, 2, NULL)
    ,(600, 282, 2, NULL)
    ,(601, 283, 2, NULL)
    ,(602, 283, 2, NULL)
    ,(603, 284, 2, NULL)
    ,(604, 284, 2, NULL)
    ,(605, 285, 2, NULL)
    ,(606, 285, 2, NULL)
    ,(607, 286, 2, NULL)
    ,(608, 286, 2, NULL)
    ,(609, 287, 2, NULL)
    ,(610, 287, 2, NULL)
    ,(611, 288, 2, NULL)
    ,(612, 288, 2, NULL)
    ,(613, 289, 2, NULL)
    ,(614, 289, 2, NULL)
    ,(615, 290, 2, NULL)
    ,(616, 290, 2, NULL)
    ,(617, 291, 2, NULL)
    ,(618, 291, 2, NULL)
    ,(619, 292, 2, NULL)
    ,(620, 292, 2, NULL)
    ,(621, 293, 2, NULL)
    ,(622, 293, 2, NULL)
    ,(623, 294, 2, NULL)
    ,(624, 294, 2, NULL)
    ,(625, 295, 2, NULL)
    ,(626, 295, 2, NULL)
    ,(627, 296, 2, NULL)
    ,(628, 296, 2, NULL)
    ,(629, 297, 2, NULL)
    ,(630, 297, 2, NULL)
    ,(631, 298, 2, NULL)
    ,(632, 298, 2, NULL)
    ,(633, 299, 2, NULL)
    ,(634, 299, 2, NULL)
    ,(635, 300, 2, NULL)
    ,(636, 300, 2, NULL)
    ,(637, 301, 2, NULL)
    ,(638, 301, 2, NULL)
    ,(639, 302, 2, NULL)
    ,(640, 302, 2, NULL)
    ,(641, 303, 2, NULL)
    ,(642, 303, 2, NULL)
    ,(643, 304, 2, NULL)
    ,(644, 304, 2, NULL)
    ,(645, 305, 2, NULL)
    ,(646, 305, 2, NULL)
    ,(647, 306, 2, NULL)
    ,(648, 306, 2, NULL)
    ,(649, 307, 2, NULL)
    ,(650, 307, 2, NULL)
    ,(651, 308, 2, NULL)
    ,(652, 308, 2, NULL)
;


-- user_roles_students
INSERT INTO user_roles_students 
    (user_role_id, team_id, student_data) 
VALUES 
    (18, 1, NULL)
    ,(19, 1, NULL)
    ,(22, 2, NULL)
    ,(23, 2, NULL)
    ,(26, 3, NULL)
    ,(27, 3, NULL)
    ,(30, 4, NULL)
    ,(31, 4, NULL)
    ,(34, 5, NULL)
    ,(35, 5, NULL)
    ,(38, 6, NULL)
    ,(39, 6, NULL)
    ,(42, 7, NULL)
    ,(43, 7, NULL)
    ,(46, 8, NULL)
    ,(47, 8, NULL)
    ,(50, 9, NULL)
    ,(51, 9, NULL)
    ,(54, 10, NULL)
    ,(55, 10, NULL)
    ,(58, 11, NULL)
    ,(59, 11, NULL)
    ,(62, 12, NULL)
    ,(63, 12, NULL)
;
